num_queries,time,total_time,simulation_accuracy,test_accuracy
0,0,0,0.8922664986612064,0.890176322418136
5,15.315574407577515,15.315639972686768,0.8939155107187894,0.8957178841309824
10,17.692299127578735,33.90507769584656,0.8965136456854393,0.8957178841309824
15,18.978758096694946,53.82009553909302,0.897379223239659,0.8987405541561713
20,14.14091944694519,68.87158393859863,0.8958761257702639,0.8916876574307305
25,15.332460880279541,85.11965751647949,0.8978494623655914,0.8931989924433249
30,17.20716643333435,103.22111225128174,0.8987181516062668,0.8952141057934508
35,16.948548316955566,121.08782315254211,0.8989547038327527,0.8977329974811084
40,18.011491060256958,140.0351665019989,0.9001426533523538,0.8952141057934508
45,29.847346782684326,170.78143215179443,0.899746192893401,0.8957178841309824
50,21.927874326705933,196.68788266181946,0.9007779012541673,0.8987405541561713
55,30.76489567756653,233.48449659347534,0.9014934858595488,0.8952141057934508
60,31.733296871185303,266.1034436225891,0.902687231674352,0.8992443324937027
65,26.25640869140625,297.1582787036896,0.9016549968173138,0.8942065491183879
70,27.299357414245605,327.05050015449524,0.905558209906036,0.8972292191435768
75,28.46165418624878,356.5152847766876,0.9067580490914887,0.9012594458438287
80,25.268595933914185,383.8629159927368,0.9074812569787845,0.9012594458438287
85,31.779184341430664,416.5618131160736,0.9075670498084292,0.9032745591939546
90,21.464320182800293,441.0477571487427,0.9063748202588273,0.9002518891687658
95,28.440348148345947,473.0485906600952,0.9072593540134314,0.9032745591939546
100,38.949881076812744,512.8885624408722,0.9100656104976796,0.8992443324937027
105,23.43573021888733,539.4999716281891,0.9103139013452914,0.8977329974811084
110,35.0175256729126,578.644288778305,0.9120051290270876,0.8992443324937027
115,33.74591112136841,613.3784122467041,0.9130574270131536,0.9037783375314862
120,22.572975158691406,639.7211606502533,0.9126665596403917,0.9007556675062972
125,31.23925256729126,674.5245697498322,0.9143637532133676,0.9017632241813602
130,42.871307611465454,718.3058540821075,0.915742080720373,0.9073047858942066
135,23.141295194625854,744.5855131149292,0.913421306726746,0.908816120906801
140,32.30609202384949,780.3945472240448,0.915445321307779,0.9047858942065491
145,28.368677139282227,809.6844351291656,0.9166666666666666,0.9083123425692695
150,26.991856575012207,840.9656667709351,0.9154702371350217,0.9057934508816121
155,31.216841220855713,875.8970029354095,0.9170164675492412,0.9057934508816121
160,40.379302978515625,917.2123246192932,0.9180804653417354,0.9022670025188917
165,28.976458072662354,948.723082780838,0.9183376455368694,0.9047858942065491
170,39.756744146347046,989.4377381801605,0.9185952419485354,0.9057934508816121
175,24.049107789993286,1014.418333530426,0.9224165856818918,0.9073047858942066
180,28.32929801940918,1047.8188569545746,0.9181390825093207,0.9062972292191436
185,48.14856815338135,1096.9142796993256,0.9196950032446464,0.9073047858942066
190,22.705627918243408,1123.432335138321,0.9201169020944958,0.9093198992443325
195,30.70802140235901,1157.02414894104,0.9203769905752356,0.9108312342569269
200,47.93331956863403,1205.8493483066559,0.922263782728899,0.908816120906801
205,22.075371026992798,1231.1628351211548,0.9225260416666666,0.9073047858942066
210,30.733784675598145,1267.612601518631,0.9239289786610198,0.9113350125944585
215,39.42070746421814,1309.9913301467896,0.9227257906749267,0.9093198992443325
220,26.08466649055481,1336.9791622161865,0.9234785446239191,0.9113350125944585
225,26.46322226524353,1366.4982225894928,0.9253755715218811,0.9148614609571788
230,34.62705087661743,1404.565259218216,0.9238437653211309,0.9118387909319899
235,28.678333282470703,1434.162276506424,0.9254170755642787,0.9113350125944585
240,24.929285764694214,1461.6944093704224,0.9269929612047798,0.9113350125944585
245,40.68678259849548,1503.2770364284515,0.9274246395806028,0.9138539042821159
250,25.289800882339478,1531.492972612381,0.9278570257419249,0.9128463476070529
255,31.941807508468628,1566.4489257335663,0.9268132589432229,0.9118387909319899
260,35.753663539886475,1603.1869604587555,0.9288881589752012,0.9123425692695214
265,22.177284002304077,1627.8444249629974,0.9263642340565418,0.9113350125944585
270,32.35232591629028,1663.3963990211487,0.9292646816910676,0.9103274559193955
275,37.21568012237549,1701.5326535701752,0.9295357260454395,0.9093198992443325
280,21.421658754348755,1726.2842695713043,0.9304663041687263,0.9118387909319899
285,38.71805286407471,1767.4429461956024,0.9307387862796834,0.9123425692695214
290,29.31124234199524,1797.6510808467865,0.9308466743687077,0.9123425692695214
295,27.497531414031982,1828.585235118866,0.9311199207135779,0.909823677581864
300,33.77000856399536,1863.263694524765,0.9290791866424203,0.909823677581864
305,29.13495945930481,1893.3359501361847,0.9316677696889477,0.9128463476070529
310,30.706528902053833,1929.611177444458,0.9309488325881768,0.9143576826196473
315,35.161805868148804,1965.675797700882,0.9348690752403049,0.9178841309823678
320,20.880548238754272,1989.2120878696442,0.9344833305689169,0.9163727959697733
325,35.947614908218384,2027.849109172821,0.9344289508632138,0.9123425692695214
330,26.432770252227783,2055.191227912903,0.9350390430304037,0.9148614609571788
335,28.38672971725464,2086.6422126293182,0.9351513136015963,0.9148614609571788
340,40.21294593811035,2127.7816801071167,0.9340988517224164,0.9173803526448363
345,25.927095651626587,2158.1255173683167,0.9363757495003331,0.9168765743073047
350,33.03491449356079,2193.8164796829224,0.936156026004334,0.9133501259445844
355,53.29881763458252,2248.0127069950104,0.9362696029362696,0.9148614609571788
360,26.209657907485962,2278.1326920986176,0.9363833695107697,0.9204030226700252
365,35.36067509651184,2316.6128039360046,0.9353275401069518,0.9163727959697733
370,35.42317795753479,2352.9583353996277,0.9351062050510118,0.9138539042821159
375,25.615638256072998,2381.698306083679,0.9350518915299632,0.9118387909319899
380,31.820618391036987,2417.433814764023,0.9375104707656223,0.9153652392947104
385,51.11663222312927,2469.450560569763,0.9381287726358148,0.9113350125944585
390,21.415284872055054,2495.254862546921,0.9387481120993455,0.9133501259445844
395,33.76949954032898,2533.7564735412598,0.9388646288209607,0.9148614609571788
400,37.35154867172241,2572.00977230072,0.9403261052277694,0.9148614609571788
405,27.45151996612549,2602.368979692459,0.9392664872139973,0.9168765743073047
410,30.811450004577637,2638.0242462158203,0.941909412358983,0.9178841309823678
415,30.84052324295044,2669.750664949417,0.9415234243343444,0.9168765743073047
420,22.524741172790527,2695.6237621307373,0.9424860853432282,0.9183879093198992
425,39.41772389411926,2737.8773469924927,0.9410871033085753,0.9163727959697733
430,28.098160982131958,2766.8792431354523,0.9430647068761615,0.9204030226700252
435,25.723796606063843,2795.615604877472,0.9435238417314846,0.9178841309823678
440,44.910553216934204,2841.474290370941,0.9433068201049247,0.9168765743073047
445,24.33664631843567,2866.7707319259644,0.9454607046070461,0.9224181360201511
450,27.158055543899536,2897.4877054691315,0.9457535175453466,0.9224181360201511
455,37.50592350959778,2935.9173884391785,0.9455378350865287,0.9239294710327456
460,24.835611581802368,2961.7935898303986,0.9475292919001528,0.9229219143576827
465,25.490780353546143,2991.8354036808014,0.9468048946295038,0.9224181360201511
470,37.59405565261841,3030.3427352905273,0.9469297499574758,0.9234256926952141
475,25.302151918411255,3056.543511867523,0.9451821586653048,0.9204030226700252
480,25.50478172302246,3085.655438899994,0.945817004600443,0.9269521410579346
485,37.92667770385742,3124.516741037369,0.947305593451569,0.9234256926952141
490,18.81916117668152,3147.2097492218018,0.9491380781703362,0.9254408060453401
495,33.242682695388794,3184.638509273529,0.9482405193030407,0.9254408060453401
500,32.156254291534424,3217.813207626343,0.9509317832108053,0.926448362720403
505,21.641997814178467,3242.871112346649,0.9498631074606434,0.924433249370277
510,31.714306354522705,3277.7694568634033,0.95101901010447,0.9234256926952141
515,25.0122652053833,3303.712583065033,0.9506342132327734,0.9249370277078086
520,19.805611848831177,3327.2034957408905,0.9514496483101733,0.924433249370277
525,35.40356373786926,3364.6387991905212,0.9502060439560439,0.9249370277078086
530,21.99882173538208,3388.705119371414,0.9513662141261385,0.9259445843828715
535,34.696850061416626,3426.5186660289764,0.9527003783969729,0.9299748110831234
540,34.30335760116577,3461.789470434189,0.949561025994147,0.9259445843828715
545,22.453317642211914,3486.7497651576996,0.9517574086836664,0.9254408060453401
550,32.27335047721863,3523.85192322731,0.9529229177444387,0.9249370277078086
555,25.731277465820312,3550.590751647949,0.9525371073524336,0.9234256926952141
560,24.804829835891724,3580.458340883255,0.9530143375367075,0.9289672544080605
565,36.82277297973633,3618.411256790161,0.9524550484094052,0.926448362720403
570,24.86198616027832,3644.3845386505127,0.9544903962623291,0.9289672544080605
575,26.20508599281311,3675.539482355118,0.9546241773467267,0.9324937027707808
580,36.57640767097473,3714.89905500412,0.953371468192061,0.9259445843828715
585,26.900832891464233,3742.747763633728,0.9564538514920194,0.9279596977329975
590,24.297447204589844,3773.285417318344,0.9569369682236499,0.9309823677581864
595,37.71322989463806,3816.6267149448395,0.956725755995829,0.929471032745592
600,33.38739848136902,3851.12478017807,0.9577317794399026,0.9304785894206549
605,23.80357313156128,3879.51025891304,0.9585654596100278,0.929471032745592
610,32.853333950042725,3917.788253068924,0.9578323749782192,0.927455919395466
615,36.80418562889099,3955.740530014038,0.9584931984652947,0.9299748110831234
620,33.2921826839447,3990.2426414489746,0.9579333216966311,0.929471032745592
625,26.62306547164917,4019.885139942169,0.9585953878406709,0.9299748110831234
630,37.13079237937927,4060.590461730957,0.9582094771813254,0.929471032745592
635,33.44651818275452,4095.280927181244,0.9602730136506825,0.9284634760705289
640,24.083619594573975,4125.564432621002,0.9600630583289543,0.929471032745592
645,27.599029779434204,4155.505820512772,0.9607293127629734,0.9314861460957179
650,32.634270429611206,4189.22833609581,0.9606948587471487,0.929471032745592
655,31.53151822090149,4221.746488332748,0.9622409553916403,0.9324937027707808
660,20.58194398880005,4245.312834024429,0.9592195464932326,0.9284634760705289
665,50.70356869697571,4303.365689277649,0.9618226600985221,0.9360201511335012
670,29.675859212875366,4334.133545875549,0.9614368726888537,0.9304785894206549
675,30.459722757339478,4369.759041547775,0.9622841029256256,0.9304785894206549
680,36.91560649871826,4411.495854139328,0.9617216440289292,0.9304785894206549
685,36.34939098358154,4449.03572845459,0.9623940677966102,0.9304785894206549
690,31.42696452140808,4483.608180999756,0.9607704541438417,0.9249370277078086
695,31.908207893371582,4518.618244409561,0.9639193491333569,0.927455919395466
700,38.94189643859863,4558.669094324112,0.9624712338466985,0.9279596977329975
705,25.518406867980957,4587.304181814194,0.9615520907158044,0.9279596977329975
710,31.873207330703735,4622.426431179047,0.9629366909026423,0.9314861460957179
715,38.307772397994995,4661.811345100403,0.9621938232161874,0.9279596977329975
720,23.516592502593994,4689.083516597748,0.9623378930538284,0.9289672544080605
725,30.367544651031494,4723.941881656647,0.9626600284495022,0.9289672544080605
730,41.07880520820618,4766.058174610138,0.9636946075814202,0.9314861460957179
735,26.215935945510864,4796.301265239716,0.9625935162094763,0.926448362720403
740,39.28893208503723,4839.3333904743195,0.9641647352469246,0.9289672544080605
745,36.033716917037964,4876.40466427803,0.9632405424696645,0.9289672544080605
750,21.196621417999268,4900.568180322647,0.963564922307555,0.9289672544080605
755,43.0993332862854,4946.997415065765,0.9633535931355023,0.9289672544080605
760,23.43447518348694,4971.439747333527,0.9640365002683843,0.9309823677581864
765,29.26188063621521,5003.344918727875,0.96310888252149,0.927455919395466
770,29.63541865348816,5033.964948415756,0.9646890123678078,0.9299748110831234
775,22.670947790145874,5059.865459680557,0.9635809113742375,0.929471032745592
780,30.868643522262573,5091.741762638092,0.9646256060333992,0.9289672544080605
785,19.315362453460693,5114.261306524277,0.9638749101365924,0.9284634760705289
790,33.793545961380005,5152.177059650421,0.9629429753552797,0.9259445843828715
795,22.263203144073486,5175.580911874771,0.9638098667626935,0.927455919395466
800,30.3393235206604,5208.488992929459,0.9648585330690215,0.9279596977329975
805,26.052545309066772,5235.746745347977,0.965007215007215,0.9304785894206549
810,23.647534608840942,5264.537114620209,0.9647950893663116,0.9299748110831234
815,32.32592582702637,5297.838457107544,0.9644018792916516,0.9314861460957179
820,24.642982721328735,5325.552468299866,0.9659974678965455,0.9314861460957179
825,33.39288830757141,5361.820154666901,0.9665097755249819,0.9319899244332494
830,22.472623825073242,5385.2941954135895,0.9670230114151115,0.9324937027707808
835,30.3470139503479,5418.923223972321,0.9666303953572724,0.9324937027707808
840,28.825334787368774,5448.712363004684,0.9671446723543293,0.929471032745592
845,24.637362957000732,5476.373783826828,0.967296511627907,0.9324937027707808
850,33.06978917121887,5510.385274171829,0.9676304782687761,0.9335012594458438
855,23.233837604522705,5538.423870563507,0.9676010192937751,0.9309823677581864
860,34.30043935775757,5574.867633342743,0.967571506649663,0.929471032745592
865,22.63631844520569,5598.698894023895,0.9668125455871627,0.9319899244332494
870,35.89263033866882,5638.220088720322,0.9675123197663807,0.9304785894206549
875,26.107691764831543,5665.356755018234,0.9687614176105225,0.9319899244332494
880,25.06441617012024,5693.514129400253,0.9701956481989394,0.9355163727959698
885,41.58780550956726,5736.071387290955,0.969619326500732,0.9340050377833753
890,22.63162112236023,5762.500886440277,0.9710569701410515,0.9324937027707808
895,32.926844358444214,5797.944996356964,0.9701136780344701,0.9360201511335012
900,28.820098638534546,5827.78231215477,0.969719214534777,0.9385390428211587
905,25.021255493164062,5855.916219472885,0.9685892725936811,0.9340050377833753
910,38.26515531539917,5896.8184225559235,0.9691119691119691,0.9329974811083124
915,28.941543579101562,5926.736322402954,0.9703717335296282,0.9345088161209067
920,24.093618631362915,5955.53133225441,0.9686866826303187,0.9355163727959698
925,36.816118478775024,5993.233429670334,0.9692109144542773,0.9324937027707808
930,25.30918574333191,6019.457101821899,0.9704742572430338,0.9360201511335012
935,36.4179105758667,6057.901874780655,0.9713705208718139,0.9355163727959698
940,37.073344707489014,6095.856340408325,0.971898687372897,0.9345088161209067
945,28.886226654052734,6125.686111688614,0.9722427831236121,0.9360201511335012
950,31.21461248397827,6159.5761551856995,0.9718466382663457,0.9350125944584383
955,36.768526792526245,6197.267905473709,0.9723767148683723,0.9350125944584383
960,26.598750114440918,6226.303851604462,0.9723510855446279,0.9329974811083124
965,26.89569640159607,6256.2551300525665,0.9725111441307578,0.9345088161209067
970,33.94568228721619,6291.137872695923,0.9734151329243353,0.9340050377833753
975,20.504164218902588,6315.700026273727,0.9735764793449945,0.9365239294710328
980,47.22201490402222,6370.640124797821,0.9744831439746694,0.9360201511335012
985,26.039299964904785,6397.593334674835,0.9765100671140939,0.9370277078085643
990,19.938918352127075,6421.768075942993,0.9749953349505505,0.9324937027707808
995,32.98196196556091,6455.613517999649,0.9740381023533806,0.9360201511335012
1000,22.081671237945557,6480.7799825668335,0.9740138343615629,0.9340050377833753
1005,29.982953548431396,6514.468953371048,0.9732410179640718,0.9345088161209067
1010,35.697304010391235,6551.110933542252,0.9737778610226634,0.9355163727959698
1015,24.393662691116333,6578.927057504654,0.9752530933633295,0.9370277078085643
1020,28.049919843673706,6609.73673415184,0.9742916119346969,0.9324937027707808
1025,36.65438628196716,6647.322384595871,0.9765214124718257,0.9350125944584383
1030,20.93286156654358,6669.1997101306915,0.9766873472457229,0.9370277078085643
1035,27.094956159591675,6699.782127380371,0.9749717726759504,0.9319899244332494
1040,32.050902366638184,6732.749403715134,0.9764550762855528,0.9345088161209067
1045,20.510584115982056,6755.666735649109,0.975867269984917,0.9360201511335012
1050,32.50108027458191,6791.060332298279,0.9777316474806568,0.9355163727959698
1055,26.156811237335205,6818.12949681282,0.9756327918398187,0.9360201511335012
1060,22.62888789176941,6844.925178766251,0.9769332577046701,0.9324937027707808
1065,46.40829944610596,6893.8764481544495,0.977668433005299,0.9410579345088161
1070,27.243585109710693,6922.074494123459,0.9770789922333776,0.9375314861460957
1075,24.745272874832153,6949.431519031525,0.9755403868031854,0.9355163727959698
1080,34.59762978553772,6986.569377660751,0.9768457012715885,0.9345088161209067
1085,24.428909301757812,7011.867470979691,0.976063829787234,0.9350125944584383
1090,31.538293600082397,7045.644253015518,0.9769918235405971,0.9375314861460957
1095,32.506141662597656,7079.016794919968,0.9786829082603731,0.9335012594458438
1100,26.26589298248291,7107.432824373245,0.9779005524861878,0.9355163727959698
1105,33.89849591255188,7143.682778596878,0.9773073989321129,0.9370277078085643
1110,29.591182231903076,7174.193318128586,0.9784309982821149,0.9355163727959698
1115,24.349491357803345,7201.470797538757,0.9778372181887658,0.9370277078085643
1120,33.444490909576416,7237.485687255859,0.9783897494740869,0.9365239294710328
1125,28.644285202026367,7267.038091421127,0.9770290964777948,0.9350125944584383
1130,28.248005151748657,7297.825361251831,0.9771986970684039,0.9380352644836272
1135,35.519386768341064,7334.214511394501,0.9777522056003068,0.9390428211586902
1140,22.373700380325317,7359.102634906769,0.977538875023997,0.9355163727959698
1145,35.22233319282532,7397.392174243927,0.9773251345119139,0.9370277078085643
1150,28.76984143257141,7427.053124189377,0.9769186381996537,0.9324937027707808
1155,22.680173873901367,7452.207630634308,0.977088948787062,0.9370277078085643
1160,37.60417938232422,7490.675303936005,0.9778377336673733,0.9350125944584383
1165,28.153932332992554,7519.703470468521,0.9774305555555556,0.9350125944584383
1170,27.208972454071045,7549.317142248154,0.9787603784514385,0.9360201511335012
1175,34.20439434051514,7584.520705938339,0.9787398531117124,0.9335012594458438
1180,20.96670627593994,7607.682765960693,0.9781389050106404,0.9380352644836272
1185,30.641958951950073,7645.031958580017,0.9794732765298219,0.9395465994962217
1190,30.500269651412964,7676.60413312912,0.9784842023647994,0.9375314861460957
1195,25.82531213760376,7705.955163478851,0.9782693053938688,0.9350125944584383
1200,40.164926290512085,7751.353724718094,0.9782482035346669,0.9324937027707808
1205,30.822683334350586,7783.158708572388,0.9778382581648523,0.9350125944584383
1210,19.797628164291382,7805.576430797577,0.9795680093403386,0.9385390428211587
1215,37.295604944229126,7846.167837142944,0.9803272302298403,0.9405541561712847
1220,25.159952640533447,7872.2446303367615,0.9793332033534802,0.9360201511335012
1225,24.137693643569946,7898.922816991806,0.9785323965651834,0.9375314861460957
1230,30.618130445480347,7933.410392284393,0.9798788825942567,0.9395465994962217
1235,30.53469204902649,7964.89381814003,0.9808369182635901,0.9380352644836272
1240,20.001639366149902,7989.181695699692,0.9812096300645919,0.9360201511335012
1245,27.111929893493652,8021.008131027222,0.9806034482758621,0.9360201511335012
1250,36.173356771469116,8058.102293729782,0.9797999607766229,0.9355163727959698
1255,27.81614661216736,8086.92947268486,0.9813506085590892,0.9390428211586902
1260,30.561206817626953,8120.321322917938,0.9819217921006091,0.9405541561712847
1265,41.23176884651184,8162.706840991974,0.9821007081038552,0.9400503778337531
1270,27.485389232635498,8191.301015853882,0.9822799763733018,0.9395465994962217
1275,26.981090307235718,8224.818024396896,0.9818683484430429,0.9400503778337531
1280,33.6188690662384,8259.46455860138,0.9814559084632077,0.9380352644836272
1285,21.758371353149414,8283.525641441345,0.9822274881516587,0.9385390428211587
1290,30.98692035675049,8316.277202129364,0.9824075904328918,0.9380352644836272
1295,28.09622097015381,8345.324872970581,0.9827859121487931,0.9380352644836272
1300,23.059961318969727,8370.559673070908,0.9827688651218063,0.9430730478589421
1305,43.33965301513672,8414.852587461472,0.9829500396510705,0.9385390428211587
1310,23.826891660690308,8439.891767978668,0.9829331216511212,0.9385390428211587
1315,29.193315267562866,8473.724658250809,0.9823202224870878,0.9400503778337531
1320,32.44689083099365,8507.281570196152,0.9827003380393716,0.9395465994962217
1325,24.379273176193237,8536.159757614136,0.9826831210191083,0.9415617128463476
1330,35.1707239151001,8574.281962633133,0.9830643554492927,0.9410579345088161
1335,29.737719535827637,8605.048279047012,0.9828480255285201,0.9380352644836272
1340,25.285006761550903,8633.246673345566,0.9824316230784588,0.9380352644836272
1345,38.06185698509216,8674.549504041672,0.982414068745004,0.9375314861460957
1350,44.01524376869202,8719.647282361984,0.9827965593118624,0.9385390428211587
1355,21.82845687866211,8743.8884806633,0.9825790949138967,0.9405541561712847
1360,38.59634852409363,8785.318444013596,0.9827620765684506,0.9435768261964735
1365,40.501970529556274,8826.760652303696,0.9829454253611557,0.9390428211586902
1370,29.27437472343445,8856.988187074661,0.9829282988551918,0.9385390428211587
1375,30.874574899673462,8890.907999753952,0.9829111379171693,0.9385390428211587
1380,41.576874017715454,8936.285398483276,0.9824914469712216,0.9410579345088161
1385,35.31847858428955,8972.579337358475,0.9826752618855762,0.9425692695214106
1390,32.99378991127014,9011.89740228653,0.9828594474692478,0.9385390428211587
1395,42.112380504608154,9054.96845984459,0.9828421477593864,0.9390428211586902
1400,33.41956281661987,9089.34515452385,0.983026874115983,0.9420654911838791
1405,30.930959463119507,9123.370368242264,0.9832119741100324,0.9415617128463476
1410,34.55917263031006,9158.856782913208,0.9835999190119458,0.9395465994962217
1415,30.17892813682556,9190.045358896255,0.983785974868261,0.9390428211586902
1420,26.63595461845398,9219.012497663498,0.9835666463785758,0.9375314861460957
1425,36.144713163375854,9258.185345888138,0.9839561332250203,0.9350125944584383
1430,33.702962160110474,9292.77890253067,0.9843464118723317,0.9380352644836272
1435,25.050779342651367,9322.337531805038,0.9839234839234839,0.9395465994962217
1440,36.03157067298889,9363.496775150299,0.9839071093909146,0.9380352644836272
1445,41.74760341644287,9406.389731645584,0.9838907014681892,0.9370277078085643
1450,26.87427544593811,9437.65093946457,0.9840783833435395,0.9395465994962217
1455,37.81857705116272,9478.61662530899,0.9838577850429097,0.9385390428211587
1460,29.108614921569824,9508.737206459045,0.9838412763346288,0.9405541561712847
1465,28.263241052627563,9542.138896226883,0.984029484029484,0.9395465994962217
1470,47.820175647735596,9591.004713535309,0.9846279975404796,0.9400503778337531
1475,35.43277597427368,9627.376131534576,0.9844070578580222,0.9405541561712847
1480,28.44699478149414,9658.812496185303,0.984596426370918,0.9385390428211587
1485,42.45706868171692,9702.142578363419,0.9849917763157895,0.9355163727959698
1490,31.08059811592102,9734.307177782059,0.9849763325787199,0.9380352644836272
1495,30.279361486434937,9767.836153030396,0.9853728883395138,0.9385390428211587
1500,39.62399411201477,9808.503437757492,0.9853578057331408,0.9360201511335012
1505,23.217820167541504,9835.473952770233,0.9853426919900908,0.9405541561712847
1510,39.57750058174133,9878.936329126358,0.9853275470138458,0.9390428211586902
1515,37.121326208114624,9917.064156293869,0.9851055026892842,0.9395465994962217
1520,19.061160564422607,9940.472544193268,0.9855042451853386,0.9410579345088161
1525,41.033676862716675,9986.954186201096,0.9854892205638475,0.9395465994962217
1530,40.722673654556274,10028.61491394043,0.9858891886283462,0.9385390428211587
1535,19.691747903823853,10054.67029762268,0.9864977149979227,0.9405541561712847
1540,47.46499681472778,10105.774368286133,0.9868995633187773,0.9400503778337531
1545,34.925795793533325,10141.754484176636,0.9870940882597835,0.9365239294710328
1550,29.273277044296265,10173.918672561646,0.987080641800375,0.9375314861460957
1555,41.82741928100586,10216.785546779633,0.9866499791405924,0.9395465994962217
1560,29.257750511169434,10247.042412996292,0.987053664648152,0.9405541561712847
1565,32.0264630317688,10284.34163403511,0.9870401337792643,0.9395465994962217
1570,55.160953521728516,10340.552952051163,0.9870265745971961,0.9405541561712847
1575,26.664934396743774,10368.240329504013,0.9876413908671973,0.9400503778337531
1580,34.512877464294434,10405.331199169159,0.9876284336338855,0.9395465994962217
1585,37.01266407966614,10443.32841205597,0.987615449202351,0.9385390428211587
1590,27.33560061454773,10471.607648134232,0.9873923093086783,0.9380352644836272
1595,32.38891887664795,10508.660757780075,0.9877997475809844,0.9400503778337531
1600,45.771886110305786,10555.506300210953,0.9877869025057907,0.9385390428211587
1605,29.95885133743286,10586.515897274017,0.9877740303541316,0.9390428211586902
1610,26.872156381607056,10617.333070278168,0.9879721460223676,0.9390428211586902
1615,38.038047552108765,10656.397453784943,0.9879594423320659,0.9365239294710328
1620,19.9107825756073,10679.184531450272,0.9879467117783887,0.9405541561712847
1625,33.338658571243286,10717.064057350159,0.9879339542760373,0.9400503778337531
1630,34.213865995407104,10752.248359441757,0.9879211697393515,0.9355163727959698
1635,24.04037594795227,10779.986385345459,0.9876962240135766,0.9370277078085643
1640,39.41363263130188,10822.187763929367,0.9881078785304735,0.9375314861460957
1645,35.522125005722046,10858.70107960701,0.9880952380952381,0.9390428211586902
1650,24.893254280090332,10886.795488357544,0.9882953819961694,0.9365239294710328
1655,39.65001893043518,10927.497281312943,0.9882829143587558,0.9395465994962217
1660,31.929256200790405,10960.451568365097,0.9882704201322243,0.9405541561712847
1665,24.05783247947693,10989.545696496964,0.9882578992314262,0.9410579345088161
1670,50.11082172393799,11040.604036331177,0.9882453515708485,0.9390428211586902
1675,23.95251178741455,11065.391390800476,0.9882327770646128,0.9400503778337531
1680,24.219477891921997,11092.596644639969,0.9884343542514457,0.9395465994962217
1685,36.36369490623474,11129.777739524841,0.9886363636363636,0.9385390428211587
1690,23.112603425979614,11153.679475784302,0.9884095299420477,0.9400503778337531
1695,29.44384217262268,11186.472001075745,0.9883970777825526,0.9390428211586902
1700,33.21662139892578,11220.52406668663,0.9883845988384599,0.9395465994962217
1705,21.728070735931396,11244.45787358284,0.9883720930232558,0.9410579345088161
1710,32.73244595527649,11279.093748807907,0.9883595602500539,0.9430730478589421
1715,31.677489519119263,11311.576315641403,0.9883470004315926,0.9430730478589421
1720,21.232356786727905,11334.835034132004,0.9889825016202204,0.9395465994962217
1725,32.954495429992676,11368.564561843872,0.9889705882352942,0.9380352644836272
1730,20.5661940574646,11389.977115631104,0.9887421519809483,0.9385390428211587
1735,32.38371419906616,11426.025777578354,0.9889466840052016,0.9400503778337531
1740,32.155598640441895,11459.014917373657,0.9889346929919722,0.9370277078085643
1745,25.859742403030396,11485.849937438965,0.9891398783666377,0.9380352644836272
1750,25.186370372772217,11514.666010856628,0.9891280713198521,0.9400503778337531
1755,35.15440225601196,11550.671728372574,0.9888985633434915,0.9385390428211587
1760,28.517167568206787,11580.059760570526,0.9888864676400088,0.9375314861460957
1765,25.85263729095459,11608.42349600792,0.9888743455497382,0.9395465994962217
1770,36.34577178955078,11645.721039295197,0.9888621969862416,0.9395465994962217
1775,24.653778076171875,11671.203370332718,0.9892872759073021,0.9395465994962217
1780,26.249393463134766,11699.984730005264,0.9892755526373386,0.9380352644836272
1785,34.95479917526245,11735.788371801376,0.9897020157756354,0.9400503778337531
1790,21.664740800857544,11761.140017747879,0.9894713753016012,0.9375314861460957
1795,33.84014940261841,11797.274719715118,0.9894598155467721,0.9400503778337531
1800,33.657771587371826,11831.791945695877,0.9894482303803034,0.9380352644836272
1805,21.600250244140625,11855.586617946625,0.9894366197183099,0.9385390428211587
1810,35.087753772735596,11894.222295999527,0.9894249834765367,0.9385390428211587
1815,25.11132287979126,11920.280184984207,0.9894133215703573,0.9390428211586902
1820,25.269697427749634,11950.82564163208,0.9896224332082137,0.9395465994962217
1825,33.26300549507141,11984.96593427658,0.9896109637488948,0.9405541561712847
1830,31.266536712646484,12017.224276542664,0.9895994689090507,0.9395465994962217
1835,28.755157947540283,12047.687176942825,0.9895879486043421,0.9390428211586902
1840,38.824347257614136,12087.492030143738,0.9900199600798403,0.9390428211586902
1845,33.14675307273865,12121.557564973831,0.9897868561278863,0.9400503778337531
1850,26.472241163253784,12152.93329501152,0.9897755056679262,0.9400503778337531
1855,37.53581666946411,12193.777482748032,0.9897641299510458,0.9385390428211587
1860,28.275670766830444,12223.084887981415,0.9897527288928492,0.9385390428211587
1865,25.29276204109192,12252.272851228714,0.9897413024085637,0.9380352644836272
1870,36.42116737365723,12289.568448543549,0.9897298504130386,0.9415617128463476
1875,30.030144214630127,12320.480683326721,0.989718372820742,0.9375314861460957
1880,25.484789609909058,12348.639551639557,0.9899306332512866,0.9400503778337531
1885,47.0876989364624,12396.55023097992,0.9899193548387096,0.9390428211586902
1890,31.793569087982178,12429.21932220459,0.9899080511325409,0.9380352644836272
1895,23.411913871765137,12458.132051944733,0.9898967220475977,0.9380352644836272
1900,43.27477765083313,12502.25745344162,0.9898853674983142,0.9385390428211587
1905,28.448245525360107,12531.595554590225,0.9900990099009901,0.9410579345088161
1910,27.750388383865356,12561.628857851028,0.9903131335886461,0.9375314861460957
1915,48.40679693222046,12610.912562608719,0.9905277401894452,0.9385390428211587
1920,34.22013759613037,12646.026130914688,0.9905170467374125,0.9395465994962217
1925,30.76810646057129,12679.159800767899,0.990506329113924,0.9395465994962217
1930,41.400392055511475,12721.392482757568,0.9904955872369314,0.9395465994962217
1935,32.89922285079956,12755.196652889252,0.9907113729043951,0.9390428211586902
1940,25.138054370880127,12782.384840488434,0.9907008391925607,0.9329974811083124
1945,34.06157350540161,12817.304636001587,0.9906902815622162,0.9385390428211587
1950,27.333478927612305,12845.60420513153,0.9906796999318027,0.9365239294710328
1955,22.40465545654297,12872.33117389679,0.9908966772872099,0.9335012594458438
1960,45.52374577522278,12918.682287693024,0.9906584643426749,0.9375314861460957
1965,27.350327491760254,12946.813087463379,0.9906478102189781,0.9390428211586902
1970,26.328709363937378,12975.31296300888,0.9906371317652432,0.9365239294710328
1975,31.814006567001343,13007.932010173798,0.9906264288980339,0.9380352644836272
1980,18.171612977981567,13026.888636112213,0.9910734721904326,0.9395465994962217
1985,28.47784399986267,13058.36396431923,0.9908340971585701,0.9380352644836272
1990,31.492658615112305,13090.67479467392,0.990823583390686,0.9370277078085643
1995,20.106685400009155,13112.942066431046,0.9908130454754249,0.9385390428211587
2000,31.222166538238525,13146.106724500656,0.990802483329501,0.9390428211586902
2005,25.427090406417847,13172.501382827759,0.9910220994475138,0.9395465994962217
2010,20.16945242881775,13194.767753601074,0.9910117538603365,0.9380352644836272
2015,30.316088676452637,13225.874481201172,0.9910013844023996,0.9375314861460957
2020,26.65196967124939,13253.29805111885,0.990990990990991,0.9345088161209067
2025,21.66985011100769,13276.718147993088,0.9909805735430157,0.9380352644836272
2030,27.267590045928955,13304.782301187515,0.9909701319749942,0.9370277078085643
2035,22.794891357421875,13328.324405908585,0.9909596662030598,0.9385390428211587
2040,26.308167457580566,13356.704467535019,0.9911812485495475,0.9395465994962217
2045,32.5199031829834,13390.016214609146,0.9911710037174721,0.9385390428211587
2050,18.009528875350952,13408.78093290329,0.9911607350546638,0.9375314861460957
2055,32.438297271728516,13443.32132768631,0.9911504424778761,0.9375314861460957
2060,32.63673448562622,13476.760663747787,0.9913732804849615,0.9385390428211587
2065,18.24839687347412,13498.039003372192,0.9913632119514473,0.9390428211586902
2070,37.17497181892395,13536.003542423248,0.9913531198878243,0.9370277078085643
2075,24.350160837173462,13561.219788074493,0.9913430042115114,0.9355163727959698
2080,21.39931082725525,13584.441207170486,0.9913328648395409,0.9400503778337531
2085,32.976011753082275,13618.231903791428,0.9913227016885553,0.9405541561712847
2090,26.345999002456665,13645.393769264221,0.9913125146748063,0.9360201511335012
2095,25.299883127212524,13672.633874893188,0.9913023037141514,0.9365239294710328
2100,35.1767692565918,13708.74050784111,0.9912920687220522,0.9375314861460957
2105,28.89626979827881,13738.526914358139,0.9915174363807728,0.9375314861460957
2110,24.982141256332397,13765.38171005249,0.9915074309978769,0.9360201511335012
2115,34.06686854362488,13801.522461891174,0.9917335852621635,0.9370277078085643
2120,35.64923095703125,13837.97545671463,0.9917238117758336,0.9370277078085643
2125,22.98218083381653,13861.794988393784,0.9917140151515151,0.9375314861460957
2130,35.359761238098145,13899.92180109024,0.9919412182981749,0.9385390428211587
2135,33.0102002620697,13933.749264001846,0.9919316563834836,0.9395465994962217
2140,20.49689030647278,13956.529370069504,0.9919220717510098,0.9365239294710328
2145,40.577516317367554,13999.259988069534,0.9923882017126546,0.9385390428211587
2150,30.949592351913452,14031.022998332977,0.9923791378899738,0.9390428211586902
2155,23.360579013824463,14056.589730501175,0.9923700524558894,0.9395465994962217
2160,38.473918199539185,14095.95399069786,0.992360945333015,0.9390428211586902
2165,25.933168172836304,14122.676620721817,0.9923518164435946,0.9390428211586902
2170,23.65308165550232,14148.407687425613,0.9923426657094999,0.9390428211586902
2175,39.17515540122986,14188.368949651718,0.9923334930522281,0.9385390428211587
2180,36.11218881607056,14225.343073606491,0.9923242983928999,0.9385390428211587
2185,20.93690323829651,14248.426282644272,0.9923150816522575,0.9415617128463476
2190,32.94613265991211,14283.447566509247,0.9923058427506612,0.9375314861460957
2195,33.35948920249939,14317.650634288788,0.9922965816080885,0.9365239294710328
2200,19.520312309265137,14337.973727941513,0.9922872981441311,0.9385390428211587
2205,28.9850811958313,14371.100886583328,0.992519305019305,0.9395465994962217
2210,29.427639961242676,14401.32917046547,0.99251026818072,0.9365239294710328
2215,23.836755752563477,14427.399313211441,0.9925012094823416,0.9380352644836272
2220,35.8159863948822,14467.017364740372,0.9924921288447566,0.9400503778337531
2225,33.270310163497925,14501.202561616898,0.9924830261881669,0.9360201511335012
2230,25.533289194107056,14527.644835233688,0.9924739014323865,0.9400503778337531
2235,23.388148069381714,14553.322031259537,0.99246475449684,0.9405541561712847
2240,35.48180961608887,14589.581617593765,0.9924555853005598,0.9370277078085643
2245,30.83672571182251,14621.27689909935,0.9929337231968811,0.9380352644836272
2250,18.683780193328857,14642.84621500969,0.9929251036838254,0.9375314861460957
2255,28.58613634109497,14674.274356842041,0.9929164631167562,0.9395465994962217
2260,45.3211932182312,14720.395889043808,0.9929078014184397,0.9350125944584383
2265,26.368695974349976,14747.57704281807,0.9931439764936337,0.9355163727959698
2270,27.673680067062378,14777.877500295639,0.9931355724442266,0.9385390428211587
2275,36.76701331138611,14817.043097257614,0.993127147766323,0.9355163727959698
2280,33.820720911026,14851.666322946548,0.9931187023838781,0.9350125944584383
2285,23.46411156654358,14875.932402849197,0.9931102362204725,0.9385390428211587
2290,30.4650399684906,14908.557084798813,0.9931017491993102,0.9360201511335012
2295,42.99206042289734,14952.342049837112,0.9930932412432166,0.9390428211586902
2300,35.03709840774536,14988.175680398941,0.9930847122746357,0.9375314861460957
2305,23.356571435928345,15012.338063955307,0.9930761622156281,0.9385390428211587
2310,27.39761519432068,15041.838121652603,0.9930675909878682,0.9365239294710328
2315,36.35141658782959,15078.993467330933,0.9930589985126426,0.9360201511335012
2320,30.519853830337524,15110.298143148422,0.9930503847108464,0.9370277078085643
2325,24.713452577590942,15137.055262565613,0.9930417495029821,0.9375314861460957
2330,34.60521364212036,15173.567301511765,0.9930330928091565,0.9365239294710328
2335,37.76979374885559,15212.115103244781,0.9930244145490782,0.9370277078085643
2340,33.99751305580139,15247.04730796814,0.9930157146420554,0.9365239294710328
2345,27.169483184814453,15275.075886249542,0.993006993006993,0.9365239294710328
2350,26.41303777694702,15303.826789617538,0.9929982495623906,0.9365239294710328
2355,38.26347994804382,15343.007433891296,0.9929894842263395,0.9390428211586902
2360,31.287848234176636,15375.26920413971,0.9929806969165205,0.9365239294710328
2365,26.4220290184021,15402.566499233246,0.9929718875502008,0.9370277078085643
2370,22.78316593170166,15427.486627578735,0.9929630560442322,0.9390428211586902
2375,36.34258770942688,15464.623256921768,0.9929542023150478,0.9360201511335012
2380,28.34725260734558,15493.932327270508,0.9929453262786596,0.9365239294710328
2385,18.552006721496582,15517.505234956741,0.992936427850656,0.9335012594458438
2390,30.36992573738098,15550.259533643723,0.9929275069461986,0.9370277078085643
2395,31.683773040771484,15582.888265609741,0.9934243803743045,0.9385390428211587
2400,22.704131364822388,15606.488091945648,0.9934160546973917,0.9375314861460957
2405,33.62537097930908,15643.574471235275,0.9934077079107505,0.9350125944584383
2410,34.35955214500427,15678.916058540344,0.9933993399339934,0.9380352644836272
2415,24.28317403793335,15704.116903066635,0.9933909506863243,0.9385390428211587
2420,29.30486011505127,15736.82539820671,0.9936370577755154,0.9385390428211587
2425,33.04823350906372,15770.740457296371,0.9936289500509684,0.9365239294710328
2430,25.894849061965942,15797.425532102585,0.993620821638173,0.9360201511335012
2435,27.691221714019775,15827.275540828705,0.9936126724578437,0.9380352644836272
2440,35.06755995750427,15863.203653097153,0.9936045024302891,0.9360201511335012
2445,36.61696004867554,15900.72475862503,0.9935963114754098,0.9390428211586902
2450,22.395174503326416,15925.321969509125,0.9935880995126956,0.9380352644836272
2455,27.736414194107056,15955.13651585579,0.9935798664612224,0.9350125944584383
2460,31.894747972488403,15987.89856338501,0.9935716122396503,0.9375314861460957
2465,25.864904403686523,16014.702803850174,0.9935633367662204,0.9390428211586902
2470,31.788001775741577,16048.302718162537,0.9935550399587523,0.9375314861460957
2475,35.8361873626709,16085.064790964127,0.9935467217346412,0.9375314861460957
2480,26.95155096054077,16112.847078084946,0.9935383820108555,0.9380352644836272
2485,20.71015763282776,16135.68388724327,0.9935300207039337,0.9385390428211587
2490,33.452370166778564,16169.954449415207,0.9935216377299818,0.9360201511335012
2495,30.689252614974976,16201.579591751099,0.9935132330046704,0.9350125944584383
2500,21.41838836669922,16226.47090601921,0.993504806443232,0.9380352644836272
2505,33.55524277687073,16260.843291521072,0.9934963579604579,0.9375314861460957
2510,26.58306622505188,16288.197834253311,0.9934878874706955,0.9390428211586902
2515,21.6479971408844,16311.581639051437,0.9934793948878456,0.9395465994962217
2520,33.53502583503723,16347.280054330826,0.9934708801253591,0.9375314861460957
2525,34.03398656845093,16382.107896566391,0.9934623430962343,0.9365239294710328
2530,30.088659048080444,16412.98351597786,0.9934537837130138,0.9380352644836272
2535,22.99120593070984,16438.33631491661,0.9934452018877818,0.9385390428211587
2540,32.362292766571045,16471.479004621506,0.9934365975321606,0.9370277078085643
2545,26.181260347366333,16498.42937684059,0.9934279705573081,0.9390428211586902
2550,22.783868551254272,16524.460582971573,0.9934193208739142,0.9380352644836272
2555,34.32275581359863,16559.541954040527,0.9934106483921982,0.9375314861460957
2560,30.412445545196533,16590.78209090233,0.9934019530219055,0.9365239294710328
2565,20.80124068260193,16612.47465658188,0.9933932346723044,0.9375314861460957
2570,28.990100622177124,16644.762489557266,0.9933844932521831,0.9380352644836272
2575,32.17119812965393,16677.799500465393,0.9933757286698464,0.9360201511335012
2580,32.86458110809326,16711.538839817047,0.9933669408331123,0.9380352644836272
2585,30.215108633041382,16742.58316040039,0.9933581296493093,0.9365239294710328
2590,25.175129175186157,16769.763205766678,0.9933492950252727,0.9365239294710328
2595,25.270392656326294,16798.336247444153,0.9933404368673415,0.9375314861460957
2600,31.118947505950928,16830.221511363983,0.9933315550813551,0.9355163727959698
2605,31.385506629943848,16862.390238046646,0.9933226495726496,0.9370277078085643
2610,25.041696786880493,16888.252822875977,0.9933137202460551,0.9350125944584383
2615,26.487985849380493,16916.77643251419,0.9933047670058918,0.9350125944584383
2620,38.045897245407104,16957.004799365997,0.9932957897559668,0.9385390428211587
2625,37.90522527694702,16995.763377904892,0.9932867883995704,0.9370277078085643
2630,29.1888689994812,17025.785447597504,0.993277762839473,0.9345088161209067
2635,19.92455744743347,17047.770141601562,0.9935379644588045,0.9385390428211587
2640,34.73479223251343,17087.644345998764,0.9937988676193044,0.9385390428211587
2645,36.30300331115723,17124.72995376587,0.994060475161987,0.9370277078085643
2650,30.017181873321533,17155.52882885933,0.9943227899432279,0.9360201511335012
2655,29.37143039703369,17188.206523656845,0.9943151055766107,0.9360201511335012
2660,36.08000731468201,17225.03611946106,0.9943074003795066,0.9375314861460957
2665,34.24218463897705,17260.043193101883,0.994299674267101,0.9375314861460957
2670,20.60661554336548,17282.97758293152,0.994291927154118,0.9385390428211587
2675,32.824159145355225,17319.436445236206,0.9942841589548176,0.9380352644836272
2680,34.280683279037476,17354.55994129181,0.9942763695829926,0.9370277078085643
2685,31.183675050735474,17386.578038215637,0.9942685589519651,0.9380352644836272
2690,24.78258466720581,17412.127692461014,0.9945340256900792,0.9365239294710328
2695,24.709898948669434,17438.674789905548,0.9945265462506842,0.9329974811083124
2700,37.56139945983887,17476.986669063568,0.9947930939983557,0.9345088161209067
2705,32.50353169441223,17510.236443042755,0.9947859495060373,0.9350125944584383
2710,25.09145712852478,17536.07805132866,0.9950535861500412,0.9360201511335012
2715,21.068787097930908,17559.776433467865,0.9950467804072647,0.9385390428211587
2720,27.3997323513031,17589.285869836807,0.9950399559107193,0.9375314861460957
2725,28.699967622756958,17618.766685009003,0.9950331125827815,0.9355163727959698
2730,28.645722150802612,17648.276402950287,0.9950262503453993,0.9385390428211587
2735,19.48843550682068,17670.92648124695,0.9950193691200886,0.9335012594458438
2740,38.97664666175842,17712.68613243103,0.9950124688279302,0.9365239294710328
2745,34.35927677154541,17747.891767263412,0.9950055493895672,0.9385390428211587
2750,33.79335355758667,17782.484566926956,0.9949986107252015,0.9370277078085643
2755,22.909366130828857,17807.577134609222,0.994991652754591,0.9365239294710328
2760,27.88433027267456,17838.198987960815,0.9949846753970465,0.9324937027707808
2765,31.604632139205933,17870.67923760414,0.9949776785714286,0.9375314861460957
2770,29.944984912872314,17901.392380475998,0.9949706621961442,0.9350125944584383
2775,23.681597471237183,17925.821301460266,0.9949636261891438,0.9360201511335012
2780,24.96345615386963,17952.339774608612,0.9949565704679182,0.9365239294710328
2785,35.41298198699951,17988.490797042847,0.995230078563412,0.9345088161209067
2790,29.561238288879395,18018.827671051025,0.9952233773531891,0.9355163727959698
2795,25.890822172164917,18045.4608335495,0.9952166572875633,0.9340050377833753
2800,22.094156503677368,18070.14183330536,0.9954916877993801,0.9360201511335012
2805,32.585033893585205,18105.02828645706,0.9954853273137697,0.9350125944584383
2810,30.481278657913208,18136.26632976532,0.995478948855609,0.9345088161209067
2815,30.172099590301514,18167.17826771736,0.9954725523486134,0.9355163727959698
2820,21.458608388900757,18190.282311677933,0.9954661377160668,0.9355163727959698
2825,25.906578063964844,18218.09911942482,0.9954597048808173,0.9345088161209067
2830,32.88333868980408,18251.824894428253,0.9954532537652743,0.9355163727959698
2835,31.247154474258423,18283.832164287567,0.9954467842914058,0.9355163727959698
2840,25.96043062210083,18310.56362748146,0.9957252778569393,0.9370277078085643
2845,24.054585218429565,18336.160088062286,0.9957191780821918,0.9360201511335012
2850,31.843684434890747,18368.7458422184,0.9957130608745356,0.9335012594458438
2855,30.55393958091736,18400.02962565422,0.9957069261591299,0.9350125944584383
2860,27.643409967422485,18428.539029836655,0.9957007738607051,0.9365239294710328
2865,20.723820447921753,18451.80910563469,0.9956946039035591,0.9355163727959698
2870,29.123283624649048,18482.50617837906,0.995688416211555,0.9335012594458438
2875,31.285085916519165,18514.531653881073,0.9956822107081175,0.9340050377833753
2880,32.562586545944214,18547.84592437744,0.9956759873162294,0.9345088161209067
2885,21.46259045600891,18570.054677009583,0.9956697459584296,0.9345088161209067
2890,23.648415565490723,18596.789410591125,0.9956634865568084,0.9329974811083124
2895,33.420567989349365,18630.93918776512,0.9956572090330053,0.9335012594458438
2900,27.10686731338501,18658.780047416687,0.9956509133082053,0.9360201511335012
2905,21.01169443130493,18680.82856297493,0.9956445993031359,0.9350125944584383
2910,33.31544327735901,18715.5623960495,0.9956382669380633,0.9360201511335012
2915,28.308692455291748,18744.66667032242,0.9956319161327898,0.9345088161209067
2920,29.127509355545044,18774.531182289124,0.9956255468066492,0.9335012594458438
2925,21.886589765548706,18797.163745880127,0.9956191588785047,0.9365239294710328
2930,30.866244554519653,18830.555191755295,0.9956127522667446,0.9355163727959698
2935,35.38216733932495,18866.67821621895,0.9956063268892794,0.9360201511335012
2940,34.568734884262085,18902.087173700333,0.9955998826635377,0.9355163727959698
2945,31.448222875595093,18934.28220462799,0.995593419506463,0.9350125944584383
2950,22.581512451171875,18958.907877922058,0.9955869373345102,0.9340050377833753
2955,31.68827486038208,18993.297495365143,0.9955804360636418,0.9360201511335012
2960,32.48886847496033,19026.53990125656,0.9955739156093243,0.9360201511335012
2965,33.725260734558105,19060.9931139946,0.9955673758865248,0.9365239294710328
2970,24.9185528755188,19086.685569286346,0.995560816809707,0.9365239294710328
2975,25.275062799453735,19114.383761644363,0.9955542382928275,0.9350125944584383
2980,32.0255241394043,19147.135062217712,0.9955476402493322,0.9360201511335012
2985,31.817854166030884,19179.674604177475,0.9955410225921522,0.9335012594458438
2990,25.440115213394165,19205.84112381935,0.9955343852337005,0.9355163727959698
2995,23.166858196258545,19231.861768484116,0.9955277280858676,0.9340050377833753
3000,29.483009576797485,19262.056614160538,0.9955210510600179,0.9335012594458438
3005,29.037400722503662,19291.809329032898,0.9955143540669856,0.9375314861460957
3010,26.997893810272217,19319.52368426323,0.995507637017071,0.9360201511335012
3015,20.7471604347229,19341.99960207939,0.995500899820036,0.9355163727959698
3020,30.12074589729309,19374.66613984108,0.9957945328927605,0.9345088161209067
3025,32.260737895965576,19407.641129732132,0.9957882069795427,0.9335012594458438
3030,32.511226177215576,19440.876715660095,0.9957818620066285,0.9360201511335012
3035,19.442643880844116,19461.033222198486,0.995775497887749,0.9355163727959698
3040,32.37940835952759,19494.92708826065,0.9957691145361136,0.9370277078085643
3045,28.941206216812134,19524.57582759857,0.9957627118644068,0.9355163727959698
3050,30.735671043395996,19556.0162358284,0.9957562897847833,0.9340050377833753
3055,21.78954315185547,19578.511209249496,0.9957498482088646,0.9335012594458438
3060,22.879716396331787,19602.70291376114,0.9957433870477349,0.9335012594458438
3065,26.778814792633057,19630.182886600494,0.9957369062119367,0.9365239294710328
3070,26.668352842330933,19657.552188158035,0.9957304056114669,0.9370277078085643
3075,22.253671169281006,19680.52391719818,0.9957238851557727,0.9355163727959698
3080,36.13190817832947,19718.164220571518,0.9957173447537473,0.9345088161209067
3085,31.090036869049072,19749.972116708755,0.9957107843137255,0.9329974811083124
3090,28.326155424118042,19779.02697777748,0.9957042037434796,0.9360201511335012
3095,24.96149778366089,19804.69105362892,0.9956976029502151,0.9365239294710328
3100,21.859092235565186,19828.705278396606,0.9956909818405664,0.9380352644836272
3105,35.6163432598114,19865.84931564331,0.9959926017262639,0.9340050377833753
3110,28.4232394695282,19895.010184764862,0.9959864155603582,0.9345088161209067
3115,30.370567560195923,19926.080738067627,0.9959802102659245,0.9355163727959698
3120,19.22144055366516,19947.346884965897,0.9959739857541035,0.9355163727959698
3125,28.41173529624939,19978.09851193428,0.9959677419354839,0.9345088161209067
3130,26.25800848007202,20005.049201965332,0.9959614787200994,0.9340050377833753
3135,29.693053483963013,20035.453226327896,0.9959551960174238,0.9329974811083124
3140,23.590699672698975,20059.75053715706,0.9959488937363664,0.9319899244332494
3145,20.930197954177856,20083.121418476105,0.9959425717852685,0.9360201511335012
3150,26.838727474212646,20110.664046049118,0.9959362300718975,0.9324937027707808
3155,32.60961055755615,20143.96934723854,0.995929868503444,0.9350125944584383
3160,29.311716318130493,20173.97533750534,0.9959234869865161,0.9324937027707808
3165,21.997309923171997,20198.14291882515,0.9959170854271356,0.9360201511335012
3170,25.150200605392456,20226.048820972443,0.9959106637307329,0.9345088161209067
3175,30.585057497024536,20257.32864022255,0.9959042218021424,0.9340050377833753
3180,26.84160351753235,20284.88643193245,0.995897759545598,0.9355163727959698
3185,20.805025815963745,20307.15713953972,0.9958912768647282,0.9319899244332494
3190,24.70316505432129,20333.792468309402,0.9958847736625515,0.9335012594458438
3195,29.954182624816895,20364.439969539642,0.9958782498414711,0.9340050377833753
3200,30.94097137451172,20396.062673807144,0.9958717053032708,0.9350125944584383
3205,25.498480558395386,20422.254548311234,0.9958651399491094,0.9360201511335012
3210,26.52308750152588,20450.927345991135,0.9958585536795158,0.9365239294710328
3215,28.188769340515137,20480.471465826035,0.9958519463943841,0.9365239294710328
3220,28.35126757621765,20509.566550016403,0.995845317992969,0.9360201511335012
3225,25.73314929008484,20536.036502361298,0.9958386683738797,0.9350125944584383
3230,23.058788537979126,20561.591104984283,0.9958319974350753,0.9335012594458438
3235,23.51597762107849,20587.46079516411,0.99582530507386,0.9350125944584383
3240,26.79058337211609,20615.01648068428,0.9958185911868768,0.9350125944584383
3245,26.766454458236694,20642.474155664444,0.9958118556701031,0.9370277078085643
3250,22.075544357299805,20665.238646268845,0.9958050984188448,0.9355163727959698
3255,22.950238704681396,20690.333600759506,0.9957983193277311,0.9360201511335012
3260,27.26863670349121,20718.317829847336,0.995791518290709,0.9360201511335012
3265,26.976134061813354,20745.986929416656,0.9957846952010376,0.9329974811083124
3270,25.98038625717163,20772.678371429443,0.9957778499512829,0.9329974811083124
3275,19.15217614173889,20793.767452716827,0.9957709824333116,0.9335012594458438
3280,26.550925970077515,20823.18305206299,0.9957640925382861,0.9345088161209067
3285,27.460773229599,20851.33534860611,0.9957571801566579,0.9340050377833753
3290,28.596434116363525,20880.60778427124,0.9957502451781628,0.9345088161209067
3295,22.722135305404663,20904.12482357025,0.9957432874918141,0.9340050377833753
3300,22.259750366210938,20928.752360105515,0.995736306985897,0.9345088161209067
3305,31.404397010803223,20960.841017246246,0.9957293035479632,0.9319899244332494
3310,28.943786144256592,20990.4698946476,0.995722277064824,0.9345088161209067
3315,23.537875652313232,21014.695730686188,0.996044825313118,0.9335012594458438
3320,21.02252197265625,21037.975304603577,0.996038296467481,0.9329974811083124
3325,28.512032985687256,21067.20539546013,0.996031746031746,0.9360201511335012
3330,28.75524878501892,21096.657058000565,0.996025173898642,0.9360201511335012
3335,25.060596466064453,21122.414021015167,0.9960185799601858,0.9329974811083124
3340,20.234386920928955,21144.16210627556,0.996011964107677,0.9350125944584383
3345,27.116273880004883,21172.67487001419,0.996005326231691,0.9360201511335012
3350,27.139639377593994,21200.500824928284,0.995998666222074,0.9365239294710328
3355,26.34663963317871,21227.535935640335,0.9959919839679359,0.9355163727959698
3360,21.16025972366333,21250.0176486969,0.9959852793576447,0.9360201511335012
3365,25.181450843811035,21276.550441265106,0.9959785522788204,0.9350125944584383
3370,26.38637661933899,21303.610637664795,0.9959718026183283,0.9360201511335012
3375,24.57711172103882,21328.85241174698,0.995965030262273,0.9335012594458438
3380,22.553824424743652,21352.082405090332,0.9959582350959919,0.9360201511335012
3385,22.110815286636353,21376.179030418396,0.9959514170040485,0.9340050377833753
3390,25.364125728607178,21402.21005797386,0.9959445758702264,0.9345088161209067
3395,27.477640390396118,21430.36313843727,0.995937711577522,0.9345088161209067
3400,23.554051160812378,21454.629282474518,0.9959308240081384,0.9355163727959698
3405,21.195354461669922,21477.249643802643,0.9959239130434783,0.9335012594458438
3410,22.816569328308105,21501.406331062317,0.9959169785641374,0.9355163727959698
3415,26.062267303466797,21528.130029916763,0.9959100204498977,0.9350125944584383
3420,28.066336393356323,21556.858101844788,0.9959030385797201,0.9350125944584383
3425,25.7746684551239,21583.32143354416,0.9958960328317373,0.9350125944584383
3430,21.777289867401123,21606.583568572998,0.9958890030832477,0.9350125944584383
3435,26.90981674194336,21634.575817346573,0.9958819492107069,0.9335012594458438
3440,26.5611310005188,21661.805530309677,0.9958748710897215,0.9335012594458438
3445,27.526931047439575,21690.00035572052,0.9958677685950413,0.9335012594458438
3450,22.585750818252563,21713.259895324707,0.9958606416005519,0.9350125944584383
3455,24.027841329574585,21739.105982542038,0.9958534899792675,0.9335012594458438
3460,30.595391035079956,21770.424057483673,0.995846313603323,0.9340050377833753
3465,29.970322370529175,21801.071518182755,0.9958391123439667,0.9355163727959698
3470,26.796417713165283,21828.540523529053,0.9958318860715526,0.9360201511335012
3475,22.114081382751465,21851.79034757614,0.9958246346555324,0.9355163727959698
3480,23.055830717086792,21876.518007278442,0.9958173579644476,0.9360201511335012
3485,32.645910024642944,21909.82918024063,0.9958100558659218,0.9360201511335012
3490,29.435362815856934,21939.918806791306,0.9958027282266527,0.9370277078085643
3495,25.4849910736084,21966.07156562805,0.9957953749124037,0.9350125944584383
3500,19.298478841781616,21987.4276843071,0.9957879957879958,0.9350125944584383
3505,22.944050073623657,22012.37288403511,0.9957805907172996,0.9385390428211587
3510,27.892921447753906,22040.929388046265,0.9957731595632265,0.9370277078085643
3515,22.384416341781616,22063.976076841354,0.9957657021877205,0.9365239294710328
3520,21.51635718345642,22086.201861143112,0.9957582184517497,0.9340050377833753
3525,19.763872623443604,22107.102590084076,0.9957507082152974,0.9355163727959698
3530,26.354915618896484,22134.1205701828,0.9957431713373537,0.9345088161209067
3535,22.540333032608032,22157.3354241848,0.9957356076759062,0.9360201511335012
3540,20.567951679229736,22178.548224449158,0.9957280170879317,0.9345088161209067
3545,18.16035509109497,22198.227533340454,0.9957203994293866,0.9329974811083124
3550,22.180431604385376,22221.949756145477,0.9957127545551983,0.9329974811083124
3555,21.630852460861206,22244.2383518219,0.9957050823192556,0.9355163727959698
3560,21.1693332195282,22266.077802181244,0.9956973825743994,0.9340050377833753
3565,18.66552472114563,22285.402725696564,0.9956896551724138,0.9340050377833753
3570,19.01332449913025,22305.786881923676,0.9956818999640158,0.9350125944584383
3575,23.235233783721924,22329.681760787964,0.9956741167988464,0.9340050377833753
3580,22.553339958190918,22352.883826732635,0.9956663055254604,0.9370277078085643
3585,21.18532395362854,22374.713548898697,0.9956584659913169,0.9360201511335012
3590,18.30517268180847,22394.146730184555,0.9956505980427691,0.9350125944584383
3595,21.996955394744873,22417.221043109894,0.9956427015250545,0.9355163727959698
3600,24.163469552993774,22442.031460762024,0.9956347762822845,0.9340050377833753
3605,23.691123723983765,22466.376767635345,0.9959912536443148,0.9370277078085643
3610,22.626758813858032,22489.656306505203,0.9959839357429718,0.9350125944584383
3615,20.80039620399475,22512.070081710815,0.9959765910753475,0.9324937027707808
3620,24.023798942565918,22536.796936035156,0.9959692194943203,0.9345088161209067
3625,24.71307373046875,22562.20123887062,0.9959618208516887,0.9355163727959698
3630,25.482937335968018,22588.380507469177,0.9959543949981611,0.9345088161209067
3635,22.60341453552246,22611.636835336685,0.9959469417833456,0.9345088161209067
3640,19.803114652633667,22633.417824983597,0.9959394610557402,0.9345088161209067
3645,25.24332904815674,22660.22776556015,0.9959319526627219,0.9365239294710328
3650,29.686879873275757,22690.68206191063,0.9959244164505372,0.9360201511335012
3655,27.045546531677246,22718.435755729675,0.995916852264291,0.9355163727959698
3660,26.088284730911255,22745.180458784103,0.995909259947936,0.9355163727959698
3665,21.585431337356567,22767.44288277626,0.9959016393442623,0.9365239294710328
3670,22.35314416885376,22791.970015764236,0.9958939902948861,0.9360201511335012
3675,29.606555938720703,22822.20972108841,0.9958863126402393,0.9355163727959698
3680,25.937321424484253,22848.784961223602,0.9958786062195579,0.9345088161209067
3685,22.393404006958008,22871.826408863068,0.9958708708708709,0.9355163727959698
3690,24.300245761871338,22896.77316880226,0.9958631064309891,0.9360201511335012
3695,21.23377537727356,22919.683801412582,0.9958553127354935,0.9360201511335012
3700,23.612619876861572,22944.37092256546,0.995847489618724,0.9340050377833753
3705,25.751957416534424,22970.871485948563,0.995839636913767,0.9355163727959698
3710,25.289510488510132,22996.91370153427,0.9958317544524441,0.9355163727959698
3715,22.944827795028687,23020.539354801178,0.9958238420653,0.9350125944584383
3720,22.775246143341064,23043.95915722847,0.99581589958159,0.9350125944584383
3725,21.452637910842896,23066.049448490143,0.9958079268292683,0.9355163727959698
3730,20.571192502975464,23087.64292550087,0.9957999236349752,0.9350125944584383
3735,26.95651149749756,23115.603608369827,0.9957918898240244,0.9375314861460957
3740,23.789283275604248,23140.01803278923,0.995783825220391,0.9360201511335012
3745,22.03428864479065,23162.671859264374,0.9957757296466974,0.9370277078085643
3750,22.056668281555176,23185.356286764145,0.9957676029242016,0.9370277078085643
3755,20.159749746322632,23206.18293237686,0.9957594448727833,0.9375314861460957
3760,20.135048866271973,23227.57731986046,0.9957512553109309,0.9355163727959698
3765,21.720977067947388,23249.913818120956,0.9957430340557275,0.9355163727959698
3770,22.53220558166504,23273.06577730179,0.9957347809228383,0.9360201511335012
3775,24.12246823310852,23297.816220521927,0.9957264957264957,0.9360201511335012
3780,21.881757736206055,23320.34221982956,0.9957181782794862,0.9360201511335012
3785,18.540769338607788,23339.94498848915,0.9957098283931357,0.9345088161209067
3790,20.846957206726074,23361.95875477791,0.9957014458772958,0.9360201511335012
3795,23.9427011013031,23386.535450458527,0.9956930305403289,0.9355163727959698
3800,21.510915994644165,23408.752269506454,0.9956845821890937,0.9355163727959698
3805,22.780014038085938,23432.203756332397,0.9956761006289309,0.9345088161209067
3810,20.246683597564697,23453.081971645355,0.9956675856636471,0.9350125944584383
3815,18.532379150390625,23472.923979520798,0.9956590370955012,0.9340050377833753
3820,22.2632794380188,23495.97331213951,0.9956504547251879,0.9350125944584383
3825,20.35855770111084,23516.962933540344,0.9956418383518225,0.9375314861460957
3830,23.171701669692993,23540.747362852097,0.9956331877729258,0.9355163727959698
3835,21.922812461853027,23563.28085231781,0.9956245027844073,0.9350125944584383
3840,20.052306652069092,23583.957441091537,0.99561578318055,0.9350125944584383
3845,19.667175769805908,23604.670114040375,0.9956070287539937,0.9355163727959698
3850,20.12136960029602,23625.771439790726,0.9955982392957183,0.9345088161209067
3855,20.42597198486328,23646.925169944763,0.995589414595028,0.9360201511335012
3860,21.23205327987671,23668.77870774269,0.995580554439534,0.9360201511335012
3865,19.473408222198486,23688.86018705368,0.9955716586151369,0.9350125944584383
3870,17.972182989120483,23707.439229488373,0.9955627269060104,0.9355163727959698
3875,19.647916316986084,23727.714725017548,0.9959579628132579,0.9360201511335012
3880,39.828208208084106,23768.147678613663,0.9963547995139733,0.9345088161209067
3885,55.469910860061646,23825.468041419983,0.9963474025974026,0.9345088161209067
3890,58.48364520072937,23886.473224401474,0.9963399755998373,0.9375314861460957
3895,54.22252416610718,23942.952350854874,0.9963325183374083,0.9345088161209067
3900,55.82544255256653,24001.89248228073,0.9963250306247448,0.9355163727959698
3905,55.61126947402954,24059.671339273453,0.9963175122749591,0.9355163727959698
3910,57.44292998313904,24118.966672182083,0.996309963099631,0.9350125944584383
3915,55.011738538742065,24174.60218310356,0.9963023829087921,0.9350125944584383
3920,70.33106756210327,24246.70947909355,0.9962947715109098,0.9360201511335012
3925,63.061394929885864,24312.792729139328,0.9962871287128713,0.9355163727959698
3930,51.16447472572327,24366.857794761658,0.9962794543199669,0.9340050377833753
3935,41.38078594207764,24410.789029359818,0.996271748135874,0.9355163727959698
3940,58.91798520088196,24471.967985630035,0.9962640099626401,0.9360201511335012
3945,57.49555826187134,24532.08917737007,0.9962562396006656,0.9350125944584383
3950,59.19391655921936,24594.176030397415,0.9962484368486869,0.9370277078085643
3955,69.09233689308167,24666.359727859497,0.9962406015037594,0.9340050377833753
3960,52.26658773422241,24722.224806070328,0.996232733361239,0.9345088161209067
3965,37.66029357910156,24763.617357492447,0.9962248322147651,0.9360201511335012
3970,63.426644802093506,24829.237271785736,0.9962168978562421,0.9365239294710328
3975,70.3867506980896,24900.26634979248,0.9962089300758215,0.9360201511335012
3980,65.64035105705261,24968.809733867645,0.9962009286618827,0.9355163727959698
3985,64.57303404808044,25035.193669080734,0.9961928934010152,0.9350125944584383
3990,71.5495936870575,25110.638107538223,0.9961848240779991,0.9355163727959698
3995,56.920960664749146,25170.445054769516,0.9961767204757859,0.9355163727959698
4000,68.01976537704468,25240.202723026276,0.9961685823754789,0.9350125944584383
4005,58.68212938308716,25301.57704591751,0.996160409556314,0.9360201511335012
4010,61.29358458518982,25367.628601312637,0.9961522017956391,0.9355163727959698
4015,62.41560888290405,25432.82444882393,0.9961439588688946,0.9370277078085643
4020,52.77655744552612,25488.225900650024,0.9961356805495921,0.9360201511335012
4025,47.01352024078369,25537.393802165985,0.9965576592082617,0.9365239294710328
4030,55.471349239349365,25593.520672798157,0.9965502371711945,0.9365239294710328
4035,61.57491111755371,25657.907998085022,0.996542783059637,0.9365239294710328
4040,56.684125661849976,25716.99228644371,0.996535296665223,0.9370277078085643
4045,60.20893931388855,25779.524936914444,0.9965277777777778,0.9360201511335012
4050,60.305683612823486,25842.088479042053,0.996520226185298,0.9355163727959698
4055,52.333828926086426,25896.578788757324,0.9965126416739319,0.9365239294710328
4060,47.64442801475525,25947.73411345482,0.9965050240279598,0.9375314861460957
4065,58.052311420440674,26009.27459168434,0.9964973730297724,0.9360201511335012
4070,52.16100454330444,26065.266001462936,0.9964896884598509,0.9360201511335012
4075,59.30593180656433,26127.410526514053,0.9964819700967458,0.9355163727959698
4080,53.26254367828369,26184.72190594673,0.996474217717056,0.9350125944584383
4085,59.258185148239136,26247.412110328674,0.9964664310954063,0.9340050377833753
4090,51.96458458900452,26302.329532146454,0.9964586100044267,0.9329974811083124
4095,43.8059561252594,26346.875129699707,0.9964507542147294,0.9355163727959698
4100,59.85959076881409,26410.38170528412,0.9964428634948866,0.9340050377833753
4105,56.57521390914917,26468.94548845291,0.9964349376114082,0.9335012594458438
4110,58.86443066596985,26530.722107887268,0.9964269763287181,0.9350125944584383
4115,62.41043281555176,26595.638404130936,0.9964189794091316,0.9360201511335012
4120,58.24074125289917,26657.528276205063,0.9964109466128309,0.9340050377833753
4125,37.59267711639404,26698.278052568436,0.9964028776978417,0.9350125944584383
4130,63.068095684051514,26763.10346388817,0.9963947724200091,0.9370277078085643
4135,56.97610068321228,26823.475490808487,0.996386630532972,0.9340050377833753
4140,54.952439069747925,26880.73838019371,0.9963784517881394,0.9350125944584383
4145,59.207417726516724,26942.917464971542,0.9968239564428312,0.9355163727959698
4150,60.18810558319092,27006.08878803253,0.9968167348794906,0.9365239294710328
4155,45.86226940155029,27052.631279230118,0.9968094804010939,0.9360201511335012
4160,58.92825102806091,27112.1711268425,0.9968021927820923,0.9335012594458438
4165,63.119895696640015,27178.06381559372,0.9967948717948718,0.9335012594458438
4170,53.05028700828552,27233.826102018356,0.9967875172097292,0.9345088161209067
4175,52.839054346084595,27289.344925403595,0.9967801287948482,0.9345088161209067
4180,53.52285623550415,27345.41398191452,0.9967727063162748,0.9335012594458438
4185,40.49255108833313,27388.862544298172,0.9967652495378928,0.9329974811083124
4190,60.43060231208801,27449.880289316177,0.9967577582213988,0.9345088161209067
4195,57.715285778045654,27508.787104845047,0.9967502321262767,0.9350125944584383
4200,54.9519317150116,27565.837950229645,0.996742671009772,0.9355163727959698
4205,52.82044458389282,27621.591231822968,0.9967350746268657,0.9350125944584383
4210,65.98553204536438,27689.691566467285,0.9967274427302478,0.9335012594458438
4215,38.402007818222046,27730.90308713913,0.9971883786316776,0.9350125944584383
4220,57.117807388305664,27790.2280087471,0.9971817754814467,0.9355163727959698
4225,51.702486515045166,27844.552454948425,0.9971751412429378,0.9350125944584383
4230,62.5751166343689,27908.66354084015,0.997168475696083,0.9335012594458438
4235,50.24670171737671,27961.48464822769,0.9971617786187322,0.9350125944584383
4240,55.41727828979492,28019.564608812332,0.9971550497866287,0.9350125944584383
4245,44.40460228919983,28066.558708906174,0.997148288973384,0.9345088161209067
4250,54.69509196281433,28121.848197698593,0.9971414959504526,0.9350125944584383
4255,60.100154876708984,28185.214645147324,0.997134670487106,0.9350125944584383
4260,61.30393195152283,28248.74814605713,0.9971278123504069,0.9365239294710328
4265,52.675440549850464,28303.50471162796,0.9971209213051824,0.9380352644836272
4270,55.838194847106934,28362.06155014038,0.9971139971139971,0.9365239294710328
4275,34.970407009124756,28399.58971309662,0.9971070395371263,0.9345088161209067
4280,56.34362173080444,28457.982006072998,0.9971000483325277,0.9355163727959698
4285,56.441399812698364,28517.61146068573,0.997093023255814,0.9324937027707808
4290,63.145392179489136,28583.88779449463,0.9970859640602234,0.9360201511335012
4295,59.59646940231323,28644.579687595367,0.997078870496592,0.9355163727959698
4300,51.94982385635376,28698.406127929688,0.9970717423133236,0.9345088161209067
4305,36.14602065086365,28738.099522829056,0.99706457925636,0.9324937027707808
4310,66.36396050453186,28806.716989517212,0.9970573810691515,0.9345088161209067
4315,53.48003077507019,28863.00460267067,0.9970501474926253,0.9350125944584383
4320,53.16956043243408,28918.687563419342,0.9970428782651553,0.9355163727959698
4325,51.624293088912964,28972.637304782867,0.9970355731225297,0.9355163727959698
4330,53.202721118927,29028.698024749756,0.9970282317979198,0.9345088161209067
4335,33.70713400840759,29065.545469999313,0.997020854021847,0.9355163727959698
4340,50.81250834465027,29119.026177167892,0.9970134395221503,0.9340050377833753
4345,49.40676808357239,29170.975188732147,0.9970059880239521,0.9345088161209067
4350,50.608192443847656,29223.554280281067,0.9969984992496248,0.9329974811083124
4355,53.04826021194458,29279.37028813362,0.9969909729187563,0.9335012594458438
4360,43.560314893722534,29323.528936862946,0.9969834087481146,0.9335012594458438
4365,48.12301564216614,29372.233890771866,0.9969758064516129,0.9355163727959698
4370,56.23264527320862,29430.634237766266,0.9969681657402729,0.9340050377833753
4375,49.177140951156616,29482.36938905716,0.9969604863221885,0.9335012594458438
4380,58.07455396652222,29544.134171962738,0.9969527679024885,0.9350125944584383
4385,57.58271765708923,29603.265159606934,0.9969450101832994,0.9345088161209067
4390,47.269208908081055,29653.110667943954,0.996937212863706,0.9319899244332494
4395,48.86418795585632,29702.59667658806,0.9969293756397134,0.9340050377833753
4400,53.5670804977417,29758.217319965363,0.9969214982042073,0.9365239294710328
4405,56.65607833862305,29817.459005117416,0.9969135802469136,0.9345088161209067
4410,54.99213218688965,29875.312017679214,0.9969056214543579,0.9335012594458438
4415,62.94717049598694,29940.57083272934,0.9968976215098242,0.9360201511335012
4420,46.04022765159607,29988.463901758194,0.9968895800933126,0.9355163727959698
4425,52.95890498161316,30042.009276151657,0.9968814968814969,0.9350125944584383
4430,67.39436841011047,30112.575924634933,0.9968733715476811,0.9385390428211587
4435,58.01654815673828,30174.31909775734,0.9968652037617555,0.9355163727959698
4440,75.30674624443054,30252.830147743225,0.9968569931901519,0.9355163727959698
4445,62.43882393836975,30319.59110212326,0.9968487394957983,0.9355163727959698
4450,40.16718769073486,30362.998131275177,0.9968404423380727,0.9355163727959698
4455,48.660888671875,30412.2399828434,0.9973600844772967,0.9360201511335012
4460,49.85779786109924,30464.426420211792,0.9973530968766543,0.9350125944584383
4465,56.07840323448181,30522.35460472107,0.9973460721868365,0.9355163727959698
4470,63.35384440422058,30586.302542686462,0.9973390101117616,0.9355163727959698
4475,60.557212829589844,30649.607655763626,0.9973319103521878,0.9370277078085643
4480,59.51768398284912,30711.673617839813,0.9973247726056714,0.9365239294710328
4485,40.46225309371948,30752.731271266937,0.9978540772532188,0.9350125944584383
4490,52.119510650634766,30807.214025735855,0.9978483055406132,0.9350125944584383
4495,56.272841930389404,30866.2607319355,0.9978425026968716,0.9355163727959698
4500,53.02077293395996,30922.02235031128,0.997836668469443,0.9335012594458438
4505,53.946662187576294,30978.394318580627,0.9978308026030369,0.9340050377833753
4510,57.7866907119751,31038.51236653328,0.9978249048395867,0.9340050377833753
4515,34.7293963432312,31076.65521121025,0.9978189749182116,0.9365239294710328
4520,55.97460746765137,31134.872746944427,0.9978130125751777,0.9355163727959698
4525,56.87308096885681,31192.8797519207,0.9978070175438597,0.9335012594458438
4530,51.396154165267944,31246.415020227432,0.9978009895547004,0.9345088161209067
4535,56.483115434646606,31304.931594371796,0.9977949283351709,0.9370277078085643
4540,52.20900011062622,31357.812438488007,0.9977888336097291,0.9345088161209067
4545,38.8281135559082,31398.79991030693,0.9977827050997783,0.9355163727959698
4550,46.52129411697388,31445.912534713745,0.9977765425236242,0.9350125944584383
4555,46.26353430747986,31495.05494570732,0.9977703455964325,0.9360201511335012
4560,51.018712759017944,31548.259271860123,0.9977641140301845,0.9345088161209067
4565,49.92349147796631,31600.84418606758,0.9977578475336323,0.9365239294710328
4570,51.35835385322571,31654.73462319374,0.9977515458122541,0.9365239294710328
4575,50.82883858680725,31708.224692583084,0.9977452085682075,0.9365239294710328
4580,27.620009660720825,31736.46422147751,0.9977388355002826,0.9370277078085643
4585,50.38007879257202,31787.91271519661,0.9977324263038548,0.9370277078085643
4590,54.087620973587036,31844.300390958786,0.9977259806708357,0.9360201511335012
4595,54.188236474990845,31899.08671593666,0.9977194982896237,0.9355163727959698
4600,54.07052731513977,31954.246276140213,0.9977129788450543,0.9370277078085643
4605,59.270376205444336,32014.108329057693,0.9977064220183486,0.9350125944584383
4610,37.035664558410645,32053.630531072617,0.9976998274870615,0.9335012594458438
4615,54.10601329803467,32109.399236917496,0.9976931949250288,0.9355163727959698
4620,55.3063805103302,32166.701406240463,0.9976865240023135,0.9335012594458438
4625,54.33493447303772,32222.906574726105,0.9976798143851509,0.9340050377833753
4630,52.46445941925049,32278.482290267944,0.997673065735893,0.9340050377833753
4635,56.56364822387695,32336.87090563774,0.9976662777129521,0.9340050377833753
4640,35.280211210250854,32372.675122261047,0.9976594499707431,0.9329974811083124
4645,47.50237703323364,32422.45278930664,0.9976525821596244,0.9324937027707808
4650,49.8877592086792,32472.87203335762,0.9976456739258387,0.9360201511335012
4655,46.551949977874756,32521.41205406189,0.9976387249114522,0.9350125944584383
4660,48.835094928741455,32571.850506067276,0.9976317347542925,0.9350125944584383
4665,38.752800941467285,32612.22209739685,0.997624703087886,0.9350125944584383
4670,49.5297327041626,32663.62681865692,0.9976176295413937,0.9365239294710328
4675,48.15994644165039,32714.14218044281,0.997610513739546,0.9335012594458438
4680,50.73897695541382,32766.02526307106,0.9976033553025764,0.9340050377833753
4685,46.921101808547974,32815.05703043938,0.9975961538461539,0.9335012594458438
4690,39.636457204818726,32857.26050066948,0.997588908981314,0.9345088161209067
4695,37.51634478569031,32895.32838988304,0.9975816203143894,0.9329974811083124
4700,49.111652851104736,32946.308916568756,0.9975742874469375,0.9324937027707808
4705,46.1113121509552,32994.059715270996,0.9975669099756691,0.9340050377833753
4710,63.48011016845703,33059.36260676384,0.9975594874923734,0.9345088161209067
4715,44.64995574951172,33104.55971932411,0.9975520195838433,0.9340050377833753
4720,31.133816957473755,33136.25987815857,0.9975445058317987,0.9324937027707808
4725,44.87258768081665,33182.74703526497,0.9975369458128078,0.9335012594458438
4730,44.620768785476685,33227.926812171936,0.9975293390982087,0.9345088161209067
4735,48.836450815200806,33278.738517045975,0.9975216852540273,0.9335012594458438
4740,45.78488731384277,33326.05143427849,0.997513983840895,0.9350125944584383
4745,37.828007221221924,33365.446012973785,0.9975062344139651,0.9329974811083124
4750,45.23814034461975,33411.21472668648,0.9974984365228268,0.9329974811083124
4755,68.2841465473175,33481.46754002571,0.9974905897114178,0.9370277078085643
4760,45.98386073112488,33529.90751218796,0.9974826935179358,0.9355163727959698
4765,46.247785568237305,33577.792474508286,0.9974747474747475,0.9329974811083124
4770,47.26704239845276,33626.78442955017,0.9974667511082964,0.9335012594458438
4775,31.19456124305725,33658.515048503876,0.9974587039390089,0.9314861460957179
4780,49.54202938079834,33709.77136015892,0.9974506054811982,0.9350125944584383
4785,42.25923538208008,33754.25527763367,0.9974424552429667,0.9340050377833753
4790,43.58042883872986,33799.37998461723,0.9974342527261065,0.9309823677581864
4795,45.781885862350464,33845.925657749176,0.9974259974259975,0.9340050377833753
4800,26.784821033477783,33874.75641012192,0.9974176888315042,0.9350125944584383
4805,46.59827637672424,33923.09657049179,0.9974093264248705,0.9335012594458438
4810,48.77916884422302,33972.8821182251,0.9974009096816114,0.9355163727959698
4815,49.69000434875488,34024.22560739517,0.9973924380704041,0.9335012594458438
4820,46.81775212287903,34072.26718592644,0.9980379332897319,0.9335012594458438
4825,27.366860151290894,34101.458333969116,0.9980314960629921,0.9345088161209067
4830,49.24779796600342,34152.60100531578,0.9980250164581962,0.9345088161209067
4835,51.62129616737366,34206.016384124756,0.9980184940554822,0.9340050377833753
4840,52.9105007648468,34261.745485305786,0.9980119284294234,0.9345088161209067
4845,48.13358688354492,34311.37091946602,0.9986702127659575,0.9345088161209067
4850,30.763746976852417,34342.69783091545,0.9986657771847899,0.9335012594458438
4855,48.16232514381409,34392.98626160622,0.998661311914324,0.9329974811083124
4860,52.4205539226532,34447.47476863861,0.9986568166554735,0.9329974811083124
4865,45.977792501449585,34495.11517691612,0.9986522911051213,0.9335012594458438
4870,41.01893401145935,34537.622086048126,0.9986477349560514,0.9345088161209067
4875,34.70976257324219,34572.86387181282,0.9986431478968792,0.9340050377833753
4880,49.10887265205383,34623.567789554596,0.998638529611981,0.9340050377833753
4885,52.70236611366272,34678.368836164474,0.9986338797814208,0.9350125944584383
4890,51.82084059715271,34731.60286617279,0.9986291980808774,0.9329974811083124
4895,43.04496383666992,34775.18588280678,0.9986244841815681,0.9365239294710328
4900,30.358001708984375,34806.081297159195,0.9986197377501725,0.9340050377833753
4905,47.05679965019226,34855.11483645439,0.9986149584487535,0.9319899244332494
4910,43.19123864173889,34900.180478811264,0.9986101459346769,0.9319899244332494
4915,50.83310317993164,34952.602241277695,0.99860529986053,0.9314861460957179
4920,45.20639967918396,34999.19275164604,0.9986004198740378,0.9324937027707808
4925,28.885940074920654,35028.60377192497,0.9985955056179775,0.9329974811083124
4930,44.4416561126709,35075.170622348785,0.9985905567300916,0.9345088161209067
4935,42.03717350959778,35118.67071700096,0.9985855728429985,0.9319899244332494
4940,54.28195881843567,35174.78078579903,0.9985805535841022,0.9324937027707808
4945,38.17659378051758,35215.11488890648,0.9985754985754985,0.9340050377833753
4950,32.660796880722046,35248.28616142273,0.9985704074338814,0.9340050377833753
4955,50.41644096374512,35300.495973587036,0.9985652797704447,0.9345088161209067
4960,43.17887616157532,35345.28079223633,0.9985601151907847,0.9329974811083124
4965,44.66473150253296,35390.778755664825,0.9985549132947977,0.9355163727959698
4970,44.60796570777893,35436.145322561264,0.9985496736765772,0.9329974811083124
4975,33.36264681816101,35470.03657054901,0.9985443959243085,0.9335012594458438
4980,46.690757513046265,35518.40306639671,0.9992695398100804,0.9345088161209067
4985,42.48332214355469,35563.335804224014,0.999266862170088,0.9380352644836272
4990,43.19382119178772,35608.05642032623,0.9992641648270787,0.9345088161209067
4995,29.514215230941772,35639.49081850052,0.9992614475627769,0.9340050377833753
5000,39.13619923591614,35679.21050167084,0.9992587101556709,0.9365239294710328
5005,42.80354905128479,35723.61353683472,0.9992559523809523,0.9360201511335012
5010,48.382744550704956,35773.42071676254,0.9992531740104555,0.9365239294710328
5015,51.7725088596344,35827.00096869469,0.9992503748125937,0.9355163727959698
5020,25.312941789627075,35854.016058683395,0.999247554552295,0.9340050377833753
5025,44.537524700164795,35899.884860515594,0.9992447129909365,0.9340050377833753
5030,38.0734281539917,35939.60873007774,0.9992418498862775,0.9324937027707808
5035,40.91667604446411,35982.330480098724,0.9992389649923896,0.9309823677581864
5040,41.296786069869995,36024.88545703888,0.9992360580595875,0.9335012594458438
5045,30.88461446762085,36056.2663397789,0.9992331288343558,0.9314861460957179
5050,43.48336958885193,36101.41606593132,0.9992301770592764,0.9324937027707808
5055,43.74743103981018,36146.55378437042,0.999227202472952,0.9340050377833753
5060,43.7306170463562,36191.56460809708,0.9992242048099301,0.9329974811083124
5065,25.077203273773193,36217.96085691452,0.9992211838006231,0.9365239294710328
5070,45.08876276016235,36263.55930161476,0.9992181391712275,0.9355163727959698
5075,43.67537999153137,36309.23060464859,0.9992150706436421,0.9355163727959698
5080,43.47227621078491,36354.62593269348,0.9992119779353822,0.9360201511335012
5085,42.94604730606079,36398.75982952118,0.9992088607594937,0.9365239294710328
5090,24.625794172286987,36426.112669706345,0.9992057188244639,0.9355163727959698
5095,42.80568051338196,36470.37148308754,0.9992025518341308,0.9360201511335012
5100,45.19622778892517,36517.07574009895,0.9991993594875901,0.9340050377833753
5105,47.60730004310608,36566.7598798275,0.9991961414790996,0.9319899244332494
5110,35.06371736526489,36603.327873945236,0.9991928974979822,0.9345088161209067
5115,33.23649191856384,36637.150192976,0.9991896272285251,0.9360201511335012
5120,47.43411374092102,36686.65539622307,0.9991863303498779,0.9345088161209067
5125,48.9842586517334,36737.77832579613,0.9991830065359477,0.9360201511335012
5130,53.443843364715576,36792.86181497574,0.9991796554552912,0.9355163727959698
5135,28.12649393081665,36822.25446224213,0.999176276771005,0.9375314861460957
5140,44.49329948425293,36868.638320207596,0.9991728701406121,0.9350125944584383
5145,50.51239585876465,36920.840863227844,0.9991694352159468,0.9370277078085643
5150,43.114431619644165,36966.31805610657,0.9991659716430359,0.9355163727959698
5155,32.37423086166382,36999.77308988571,0.9991624790619765,0.9360201511335012
5160,40.23990797996521,37040.730301618576,0.9991589571068125,0.9335012594458438
5165,47.050785779953,37089.10479974747,0.9991554054054054,0.9340050377833753
5170,48.073094844818115,37138.61770272255,0.9991518235793045,0.9335012594458438
5175,44.767085552215576,37185.17632818222,0.9991482112436116,0.9329974811083124
5180,31.883991479873657,37217.70877504349,0.9991445680068435,0.9350125944584383
5185,48.35026216506958,37267.50943398476,0.9991408934707904,0.9350125944584383
5190,50.931336641311646,37319.82138776779,0.999137187230371,0.9375314861460957
5195,49.424177408218384,37369.87313389778,0.9991334488734835,0.9370277078085643
5200,25.69133996963501,37396.77872657776,0.999129677980853,0.9365239294710328
5205,40.08954095840454,37438.47500824928,0.9991258741258742,0.9335012594458438
5210,42.53090763092041,37482.23483324051,1.0,0.9335012594458438
5215,42.708353757858276,37527.46651315689,1.0,0.9350125944584383
5220,28.066298723220825,37556.758155822754,1.0,0.9335012594458438
5225,45.70493197441101,37603.098590135574,1.0,0.9345088161209067
5230,43.322530031204224,37648.70889091492,1.0,0.9345088161209067
5235,48.30376744270325,37698.7808072567,1.0,0.9335012594458438
5240,32.34094047546387,37732.208884477615,1.0,0.9350125944584383
5245,38.309722661972046,37771.17279839516,1.0,0.9360201511335012
5250,44.94174242019653,37817.30242562294,1.0,0.9365239294710328
5255,39.32447171211243,37858.62257647514,1.0,0.9335012594458438
5260,33.01581335067749,37892.60403227806,1.0,0.9340050377833753
5265,36.62369346618652,37929.80889630318,1.0,0.9329974811083124
5270,39.195016622543335,37970.25194168091,1.0,0.9355163727959698
5275,33.25971698760986,38004.871065855026,1.0,0.9365239294710328
5280,28.502400159835815,38034.2684135437,1.0,0.9370277078085643
5285,33.06663274765015,38067.88327527046,1.0,0.9375314861460957
5290,31.1410653591156,38100.375564813614,1.0,0.9335012594458438
5295,26.905258417129517,38128.04220414162,1.0,0.9340050377833753
5300,18.48216485977173,38147.219733953476,1.0,0.9335012594458438
5305,25.809338331222534,38173.83257651329,1.0,0.9350125944584383
5310,20.38884663581848,38194.918615818024,1.0,0.9324937027707808
5315,18.413682460784912,38213.803225278854,1.0,0.9350125944584383
5320,58.21930813789368,38272.511083841324,1.0,0.9345088161209067
5325,56.78642201423645,38331.78259110451,1.0,0.9345088161209067
5330,54.39528512954712,38388.08874416351,1.0,0.9324937027707808
5335,56.80304527282715,38446.5277659893,1.0,0.9335012594458438
5340,57.26788568496704,38506.005677223206,1.0,0.9360201511335012
5345,54.92232298851013,38563.600764513016,1.0,0.9329974811083124
5350,60.05749773979187,38624.15294599533,1.0,0.9329974811083124
5355,58.57054090499878,38683.21441698074,1.0,0.9345088161209067
5360,56.4862859249115,38742.48539543152,1.0,0.9355163727959698
5365,60.488008975982666,38803.50132727623,1.0,0.9314861460957179
5370,59.70583939552307,38863.7939388752,1.0,0.9329974811083124
5375,55.60911011695862,38921.63440442085,1.0,0.9345088161209067
5380,54.28909993171692,38978.08835530281,1.0,0.9350125944584383
5385,59.00674843788147,39037.80934596062,1.0,0.9340050377833753
5390,53.924010038375854,39092.25442862511,1.0,0.9340050377833753
5395,59.93848633766174,39153.80305838585,1.0,0.9329974811083124
5400,58.083101749420166,39212.37740135193,1.0,0.9345088161209067
5405,54.52016997337341,39269.96688866615,1.0,0.9345088161209067
5410,61.44835615158081,39333.69627261162,1.0,0.9329974811083124
5415,65.22303175926208,39399.43538355827,1.0,0.9340050377833753
5420,57.85651087760925,39460.11738944054,1.0,0.9345088161209067
5425,62.88467717170715,39523.50297498703,1.0,0.9335012594458438
5430,58.32766032218933,39584.11385059357,1.0,0.9350125944584383
5435,56.352829933166504,39640.97005724907,1.0,0.9340050377833753
5440,51.26054668426514,39694.78313064575,1.0,0.9340050377833753
5445,49.88579845428467,39749.39652180672,1.0,0.9350125944584383
5450,56.36130881309509,39807.921057224274,1.0,0.9355163727959698
5455,54.402742862701416,39864.687277555466,1.0,0.9329974811083124
5460,51.56112575531006,39917.914476156235,1.0,0.9324937027707808
5465,55.7514591217041,39974.145394325256,1.0,0.9329974811083124
5470,47.72454261779785,40022.353158950806,1.0,0.9335012594458438
5475,48.21392321586609,40072.83311963081,1.0,0.9340050377833753
5480,51.77628946304321,40126.854345560074,1.0,0.9335012594458438
5485,57.44056677818298,40184.75494003296,1.0,0.9340050377833753
5490,57.8995304107666,40244.43828177452,1.0,0.9319899244332494
5495,54.69728946685791,40299.87779378891,1.0,0.9345088161209067
5500,63.464335441589355,40366.3812892437,1.0,0.9350125944584383
5505,59.2064368724823,40426.031556129456,1.0,0.9335012594458438
5510,48.61876440048218,40477.579003572464,1.0,0.9335012594458438
5515,55.055705308914185,40534.222969293594,1.0,0.9340050377833753
5520,54.93614864349365,40591.41719985008,1.0,0.9340050377833753
5525,50.899733543395996,40645.39182949066,1.0,0.9345088161209067
5530,47.115315675735474,40694.75594329834,1.0,0.9329974811083124
5535,47.417744636535645,40744.70056629181,1.0,0.9324937027707808
5540,56.30667567253113,40801.47055840492,1.0,0.9324937027707808
5545,57.48111581802368,40861.679785490036,1.0,0.9350125944584383
5550,54.4957480430603,40916.63377046585,1.0,0.9355163727959698
5555,57.6605327129364,40976.73763871193,1.0,0.9345088161209067
5560,61.223923444747925,41039.77919769287,1.0,0.9345088161209067
5565,61.718491077423096,41103.153660058975,1.0,0.9345088161209067
5570,58.31470346450806,41163.680651664734,1.0,0.9345088161209067
5575,56.28564167022705,41222.15138435364,1.0,0.9340050377833753
5580,52.74453401565552,41277.47767949104,1.0,0.9350125944584383
5585,40.0792293548584,41317.98568153381,1.0,0.9350125944584383
5590,50.665791511535645,41371.17043232918,1.0,0.9324937027707808
5595,57.82846999168396,41429.45915412903,1.0,0.9329974811083124
5600,53.63127279281616,41485.826419591904,1.0,0.9335012594458438
5605,53.612666845321655,41539.90133500099,1.0,0.9340050377833753
5610,56.397804260253906,41599.357779979706,1.0,0.9340050377833753
5615,54.556097745895386,41656.539613723755,1.0,0.9340050377833753
5620,58.788257122039795,41717.848888874054,1.0,0.9360201511335012
5625,51.631048917770386,41771.626856803894,1.0,0.9375314861460957
5630,53.19561004638672,41826.81781053543,1.0,0.9340050377833753
5635,49.2110161781311,41877.82259821892,1.0,0.9340050377833753
5640,55.68162417411804,41935.227232933044,1.0,0.9345088161209067
5645,56.67960333824158,41993.99927210808,1.0,0.9335012594458438
5650,52.793991804122925,42049.2874314785,1.0,0.9340050377833753
5655,54.769089698791504,42106.14263820648,1.0,0.9365239294710328
5660,48.23030686378479,42156.99367570877,1.0,0.9345088161209067
5665,48.65134119987488,42207.842896938324,1.0,0.9345088161209067
5670,56.259963274002075,42264.58453321457,1.0,0.9329974811083124
5675,54.047447204589844,42319.07427120209,1.0,0.9335012594458438
5680,55.667558908462524,42375.55423974991,1.0,0.9324937027707808
5685,56.54843735694885,42434.27821612358,1.0,0.9345088161209067
5690,55.11750650405884,42489.85475039482,1.0,0.9345088161209067
5695,52.55224943161011,42542.87074255943,1.0,0.9335012594458438
5700,56.734471797943115,42601.37747359276,1.0,0.9355163727959698
5705,55.09252572059631,42656.910378694534,1.0,0.9350125944584383
5710,51.80943942070007,42710.97302818298,1.0,0.9345088161209067
5715,55.11559224128723,42768.24898099899,1.0,0.9345088161209067
5720,57.025540828704834,42828.26319813728,1.0,0.9365239294710328
5725,57.393511056900024,42887.805364370346,1.0,0.9355163727959698
5730,57.474125146865845,42948.01573705673,1.0,0.9329974811083124
5735,63.30625367164612,43013.89099192619,1.0,0.9329974811083124
5740,55.02328944206238,43070.983667850494,1.0,0.9324937027707808
5745,57.712501525878906,43130.54531002045,1.0,0.9319899244332494
5750,55.73942232131958,43188.85504794121,1.0,0.9329974811083124
5755,59.37043499946594,43250.83596277237,1.0,0.9345088161209067
5760,55.63443565368652,43306.93984055519,1.0,0.9335012594458438
5765,55.90656328201294,43363.30105423927,1.0,0.9340050377833753
5770,52.718238830566406,43416.48712015152,1.0,0.9335012594458438
5775,50.54372310638428,43468.484162569046,1.0,0.9350125944584383
5780,48.495415687561035,43519.276680231094,1.0,0.9329974811083124
5785,47.84675860404968,43569.63973736763,1.0,0.9355163727959698
5790,51.94239783287048,43623.642797231674,1.0,0.9365239294710328
5795,52.09695482254028,43676.18019652367,1.0,0.9365239294710328
5800,51.72333383560181,43729.54129934311,1.0,0.9309823677581864
5805,51.75058603286743,43783.080545425415,1.0,0.9319899244332494
5810,53.6778998374939,43838.692192554474,1.0,0.9345088161209067
5815,53.36533236503601,43894.72937321663,1.0,0.9350125944584383
5820,52.94439697265625,43949.56036114693,1.0,0.9355163727959698
5825,55.8075430393219,44007.83450603485,1.0,0.9345088161209067
5830,51.71554780006409,44059.98008084297,1.0,0.9324937027707808
5835,57.189337968826294,44117.621812582016,1.0,0.9324937027707808
5840,37.44155025482178,44156.426721811295,1.0,0.9329974811083124
5845,52.937145709991455,44209.81196808815,1.0,0.9324937027707808
5850,48.73139667510986,44260.82817482948,1.0,0.9345088161209067
5855,53.458407402038574,44317.165596961975,1.0,0.9329974811083124
5860,47.29676151275635,44364.90978240967,1.0,0.9345088161209067
5865,49.08273363113403,44416.08747339249,1.0,0.9345088161209067
5870,53.58872723579407,44471.07599258423,1.0,0.9365239294710328
5875,48.00560712814331,44519.511977910995,1.0,0.9355163727959698
5880,50.057719230651855,44570.00049781799,1.0,0.9360201511335012
5885,56.138818979263306,44627.22133207321,1.0,0.9360201511335012
5890,52.9238007068634,44680.5619726181,1.0,0.9385390428211587
5895,50.65246844291687,44731.622908353806,1.0,0.9375314861460957
5900,53.0157949924469,44786.52215266228,1.0,0.9365239294710328
5905,46.95285606384277,44833.89388680458,1.0,0.9355163727959698
5910,48.5383038520813,44882.82780766487,1.0,0.9335012594458438
5915,50.4847309589386,44933.71536040306,1.0,0.9350125944584383
5920,47.90386438369751,44983.19441461563,1.0,0.9355163727959698
5925,52.30492377281189,45035.90182685852,1.0,0.9370277078085643
5930,48.029786586761475,45086.68031167984,1.0,0.9355163727959698
5935,50.86711001396179,45137.95540809631,1.0,0.9335012594458438
5940,46.57178783416748,45186.37928533554,1.0,0.9335012594458438
5945,60.99737358093262,45248.35641479492,1.0,0.9335012594458438
5950,53.045572996139526,45301.80258536339,1.0,0.9340050377833753
5955,52.55206656455994,45354.756783008575,1.0,0.9329974811083124
5960,57.48340678215027,45414.33394956589,1.0,0.9340050377833753
5965,50.690433740615845,45466.54918909073,1.0,0.9370277078085643
5970,58.682119607925415,45526.86599731445,1.0,0.9360201511335012
5975,55.181435346603394,45584.21216607094,1.0,0.9329974811083124
5980,54.53872752189636,45640.78499650955,1.0,0.9340050377833753
5985,52.565914154052734,45694.37452721596,1.0,0.9345088161209067
5990,60.79204773902893,45757.479439258575,1.0,0.9324937027707808
5995,52.50119733810425,45812.1486518383,1.0,0.9345088161209067
6000,53.22861862182617,45867.30391168594,1.0,0.9345088161209067
6005,51.23759889602661,45918.97811317444,1.0,0.9350125944584383
6010,49.16279983520508,45970.22166633606,1.0,0.9350125944584383
6015,58.557196378707886,46030.64986205101,1.0,0.9340050377833753
6020,55.406524658203125,46088.583211660385,1.0,0.9355163727959698
6025,48.99068641662598,46139.279369831085,1.0,0.9355163727959698
6030,49.482932806015015,46189.14730095863,1.0,0.9360201511335012
6035,58.625916481018066,46248.168932676315,1.0,0.9355163727959698
6040,58.51065015792847,46308.2889316082,1.0,0.9360201511335012
6045,58.43978214263916,46367.16999197006,1.0,0.9345088161209067
6050,48.803711891174316,46417.96771168709,1.0,0.9350125944584383
6055,52.58165955543518,46473.17407083511,1.0,0.9355163727959698
6060,45.88399958610535,46519.509999513626,1.0,0.9355163727959698
6065,35.29285526275635,46555.24059462547,1.0,0.9340050377833753
6070,46.9850115776062,46602.642399311066,1.0,0.9345088161209067
6075,54.0510950088501,46657.08467912674,1.0,0.9345088161209067
6080,46.261537075042725,46705.415664196014,1.0,0.9360201511335012
6085,50.85863780975342,46757.75192260742,1.0,0.9345088161209067
6090,52.45841121673584,46811.6570687294,1.0,0.9340050377833753
6095,51.990089654922485,46864.035562992096,1.0,0.9335012594458438
6100,50.96184515953064,46915.37019562721,1.0,0.9335012594458438
6105,51.307743310928345,46968.69639492035,1.0,0.9329974811083124
6110,48.915876150131226,47019.613543748856,1.0,0.9335012594458438
6115,50.07721662521362,47070.06586050987,1.0,0.9340050377833753
6120,52.66421937942505,47123.09954428673,1.0,0.9335012594458438
6125,49.723129987716675,47173.206775426865,1.0,0.9335012594458438
6130,54.01798892021179,47228.934421777725,1.0,0.9324937027707808
6135,48.03792929649353,47277.418320417404,1.0,0.9335012594458438
6140,49.86322736740112,47327.66183137894,1.0,0.9335012594458438
6145,52.27817177772522,47382.56863760948,1.0,0.9345088161209067
6150,58.93772315979004,47443.30506515503,1.0,0.9355163727959698
6155,52.10440135002136,47495.822595357895,1.0,0.9365239294710328
6160,54.794856786727905,47552.184250593185,1.0,0.9370277078085643
6165,51.57469463348389,47605.15587449074,1.0,0.9355163727959698
6170,61.81161832809448,47668.33231854439,1.0,0.9355163727959698
6175,56.50254940986633,47725.31143116951,1.0,0.9335012594458438
6180,48.63933777809143,47775.471148729324,1.0,0.9329974811083124
6185,50.7925488948822,47826.87312269211,1.0,0.9355163727959698
6190,43.15703749656677,47871.44737315178,1.0,0.9350125944584383
6195,44.32094192504883,47916.701912879944,1.0,0.9335012594458438
6200,48.49020338058472,47965.595299720764,1.0,0.9340050377833753
6205,50.03937244415283,48016.94216132164,1.0,0.9335012594458438
6210,42.22664475440979,48060.547511816025,1.0,0.9340050377833753
6215,45.54835653305054,48108.826486587524,1.0,0.9340050377833753
6220,41.786203384399414,48152.45479488373,1.0,0.9335012594458438
6225,45.3873233795166,48199.084596157074,1.0,0.9340050377833753
6230,39.16544055938721,48239.61367535591,1.0,0.9329974811083124
6235,44.48507761955261,48286.33133363724,1.0,0.9329974811083124
6240,40.85343670845032,48328.44873189926,1.0,0.9335012594458438
6245,45.307358264923096,48374.120896577835,1.0,0.9340050377833753
6250,49.382522106170654,48424.564405202866,1.0,0.9329974811083124
6255,46.577658891677856,48471.5306968689,1.0,0.9345088161209067
6260,44.99550008773804,48516.913410663605,1.0,0.9340050377833753
6265,43.44225001335144,48561.779777526855,1.0,0.9335012594458438
6270,28.484683513641357,48590.69640779495,1.0,0.9340050377833753
6275,41.57675552368164,48633.520980358124,1.0,0.9360201511335012
6280,42.39506793022156,48677.23416233063,1.0,0.9335012594458438
6285,39.04213786125183,48717.46450424194,1.0,0.9340050377833753
6290,44.87472486495972,48763.54044866562,1.0,0.9360201511335012
6295,45.77608394622803,48810.93958091736,1.0,0.9345088161209067
6300,45.93846273422241,48858.07523918152,1.0,0.9350125944584383
6305,44.950018882751465,48904.13681387901,1.0,0.9350125944584383
6310,42.569034576416016,48947.97975683212,1.0,0.9340050377833753
6315,43.75813674926758,48992.8157749176,1.0,0.9355163727959698
6320,40.573129415512085,49034.57645559311,1.0,0.9350125944584383
6325,38.68297719955444,49074.32657504082,1.0,0.9335012594458438
6330,36.055957317352295,49110.76235771179,1.0,0.9350125944584383
6335,35.777668476104736,49147.4857480526,1.0,0.9350125944584383
6340,37.8121554851532,49186.37904238701,1.0,0.9345088161209067
6345,38.930580615997314,49225.655308008194,1.0,0.9329974811083124
